DATE,PRECIPITATION_IN_MM
23-09-1976,0
24-09-1976,6.1
27-09-1976,10.9
01-10-1976,2
02-10-1976,0
03-10-1976,0
05-10-1976,2
06-10-1976,0
09-10-1976,0
11-10-1976,0
15-10-1976,0
18-10-1976,0
21-10-1976,0
22-10-1976,0
26-10-1976,0
10-11-1976,0
12-11-1976,0
13-11-1976,0
14-11-1976,0
15-11-1976,0
16-11-1976,0
17-11-1976,0
18-11-1976,0
19-11-1976,0
20-11-1976,0
24-11-1976,0
28-11-1976,0
30-11-1976,0
05-12-1976,0
10-12-1976,0
13-12-1976,0
15-12-1976,0
17-12-1976,0
20-12-1976,0
25-12-1976,0
02-01-1977,0
06-01-1977,0
07-01-1977,0
10-01-1977,0
13-01-1977,0
18-01-1977,0
29-01-1977,0
09-02-1977,0
10-02-1977,0
12-02-1977,0
13-02-1977,0
14-02-1977,0
15-02-1977,0
16-02-1977,0
22-02-1977,0
23-02-1977,0
24-02-1977,0
25-02-1977,0
26-02-1977,0
03-03-1977,0
07-03-1977,0
09-03-1977,0
10-03-1977,0
11-03-1977,0
12-03-1977,0
15-03-1977,0
16-03-1977,0
21-03-1977,0
22-03-1977,0
24-03-1977,0
25-03-1977,0
28-03-1977,8.9
29-03-1977,0
02-04-1977,0
05-04-1977,0
08-04-1977,0
11-04-1977,16
12-04-1977,0
16-04-1977,0
20-04-1977,7.1
22-04-1977,0
27-04-1977,1
28-04-1977,5.1
30-04-1977,0
07-05-1977,7.9
08-05-1977,1
10-05-1977,3
11-05-1977,2
12-05-1977,2
13-05-1977,0
14-05-1977,2
15-05-1977,0
18-05-1977,0
31-05-1977,0
01-06-1977,0
06-06-1977,1
09-06-1977,0
10-06-1977,0
20-06-1977,50
21-06-1977,0.3
23-06-1977,7.1
24-06-1977,9.9
25-06-1977,3
26-06-1977,0
27-06-1977,0
01-07-1977,3
02-07-1977,0
04-07-1977,23.9
05-07-1977,3
06-07-1977,3
07-07-1977,33
08-07-1977,0
11-07-1977,7.9
12-07-1977,22.1
13-07-1977,15
14-07-1977,3
15-07-1977,7.9
16-07-1977,4.1
18-07-1977,4.1
25-07-1977,14
26-07-1977,1
27-07-1977,0
31-07-1977,3
01-08-1977,0
02-08-1977,3
04-08-1977,0
07-08-1977,0.5
08-08-1977,0
12-08-1977,1
13-08-1977,13
14-08-1977,0
15-08-1977,2
16-08-1977,11.9
20-08-1977,0
24-08-1977,2
25-08-1977,0
26-08-1977,23.1
28-08-1977,26.9
29-08-1977,0
30-08-1977,0
31-08-1977,0
01-09-1977,0
02-09-1977,6.1
03-09-1977,0
04-09-1977,7.1
08-09-1977,0
10-09-1977,9.9
11-09-1977,9.9
12-09-1977,0
14-09-1977,0
15-09-1977,0
17-09-1977,0
19-09-1977,0
21-09-1977,6.1
22-09-1977,0
23-09-1977,0.5
24-09-1977,0
25-09-1977,0
27-09-1977,0
30-09-1977,0
01-10-1977,0
03-10-1977,0
09-10-1977,1
10-10-1977,4.1
11-10-1977,0
12-10-1977,0
13-10-1977,0
14-10-1977,0
17-10-1977,0
19-10-1977,0
20-10-1977,0
22-10-1977,0
24-10-1977,0
25-10-1977,0
27-10-1977,0
29-10-1977,0
30-10-1977,2
31-10-1977,0
01-11-1977,0
02-11-1977,0
03-11-1977,0
04-11-1977,7.9
05-11-1977,0
06-11-1977,0
07-11-1977,0
08-11-1977,0
09-11-1977,0
10-11-1977,0
11-11-1977,0
13-11-1977,5.1
14-11-1977,0
15-11-1977,0
17-11-1977,0
18-11-1977,0
19-11-1977,0
20-11-1977,0
21-11-1977,0
24-11-1977,0
25-11-1977,0
28-11-1977,0
29-11-1977,0
01-12-1977,0
03-12-1977,0
04-12-1977,0
06-12-1977,0
07-12-1977,0
08-12-1977,0
10-12-1977,0
11-12-1977,0
14-12-1977,0
17-12-1977,0
18-12-1977,0
23-12-1977,0
24-12-1977,0
27-12-1977,38.1
28-12-1977,9.9
29-12-1977,0
30-12-1977,0
31-12-1977,0
01-01-1978,0
02-01-1978,0
03-01-1978,0
04-01-1978,0
05-01-1978,0
07-01-1978,0
09-01-1978,0
10-01-1978,3
11-01-1978,0
12-01-1978,0
13-01-1978,0
15-01-1978,0
18-01-1978,0
19-01-1978,0
20-01-1978,0
21-01-1978,0
23-01-1978,0
27-01-1978,0
28-01-1978,0
29-01-1978,0
30-01-1978,0
31-01-1978,0
01-02-1978,0
02-02-1978,0
03-02-1978,0
04-02-1978,0
05-02-1978,0
06-02-1978,0
07-02-1978,0
08-02-1978,7.9
09-02-1978,0
11-02-1978,0
12-02-1978,0
13-02-1978,0
15-02-1978,0
17-02-1978,1
18-02-1978,7.9
21-02-1978,0
22-02-1978,0
23-02-1978,2
24-02-1978,0
26-02-1978,0
27-02-1978,0
28-02-1978,0
01-03-1978,0
03-03-1978,0
08-03-1978,0
09-03-1978,0
16-03-1978,0
17-03-1978,7.1
18-03-1978,0
20-03-1978,0
21-03-1978,0
22-03-1978,0
23-03-1978,0
24-03-1978,0
25-03-1978,0
30-03-1978,1
31-03-1978,8.9
01-04-1978,0
05-04-1978,0
22-04-1978,0
23-04-1978,0
24-04-1978,0
25-04-1978,14
26-04-1978,0.5
27-04-1978,0
28-04-1978,0
29-04-1978,1
30-04-1978,0
01-05-1978,17
02-05-1978,3
03-05-1978,0
06-05-1978,11.9
07-05-1978,0
10-05-1978,2
11-05-1978,0
14-05-1978,0
15-05-1978,1
16-05-1978,1
19-05-1978,0
28-05-1978,7.1
29-05-1978,0
30-05-1978,0
31-05-1978,9.9
01-06-1978,3
03-06-1978,0
06-06-1978,25.9
07-06-1978,1
08-06-1978,24.9
09-06-1978,0
10-06-1978,4.1
11-06-1978,7.1
12-06-1978,1
13-06-1978,2
14-06-1978,29
15-06-1978,5.1
17-06-1978,0
18-06-1978,8.9
19-06-1978,0
20-06-1978,9.9
21-06-1978,0
24-06-1978,0
29-06-1978,14
30-06-1978,36.1
01-07-1978,14
02-07-1978,2
03-07-1978,18
04-07-1978,6.1
05-07-1978,0
06-07-1978,17
07-07-1978,1
08-07-1978,0
09-07-1978,6.1
10-07-1978,0
14-07-1978,0
15-07-1978,6.1
16-07-1978,0
18-07-1978,7.9
19-07-1978,0
20-07-1978,14
21-07-1978,8.9
22-07-1978,0
23-07-1978,43.9
24-07-1978,16
25-07-1978,4.1
26-07-1978,0
27-07-1978,4.1
28-07-1978,27.9
29-07-1978,2
31-07-1978,0
02-08-1978,0.5
05-08-1978,2
06-08-1978,3
07-08-1978,0
09-08-1978,52.1
10-08-1978,70.1
11-08-1978,59.9
12-08-1978,55.1
13-08-1978,0
17-08-1978,0
23-08-1978,7.9
24-08-1978,13
25-08-1978,0.5
26-08-1978,7.9
27-08-1978,0
28-08-1978,0
29-08-1978,0
30-08-1978,0
03-09-1978,0
04-09-1978,0
07-09-1978,0
09-09-1978,14
10-09-1978,0
11-09-1978,22.1
12-09-1978,0
15-09-1978,5.1
16-09-1978,0
18-09-1978,3
19-09-1978,9.9
20-09-1978,0
21-09-1978,0
23-09-1978,1
24-09-1978,2
25-09-1978,0
30-09-1978,7.1
09-10-1978,0
16-10-1978,0
17-10-1978,0
18-10-1978,0
20-10-1978,0
22-10-1978,0
31-10-1978,0
02-11-1978,0
03-11-1978,0
04-11-1978,0
05-11-1978,0
06-11-1978,0
10-11-1978,0
11-11-1978,0
12-11-1978,0
14-11-1978,0
15-11-1978,0
16-11-1978,0
19-11-1978,0
22-11-1978,0
24-11-1978,0
30-11-1978,0
01-12-1978,0
04-12-1978,0
05-12-1978,0
06-12-1978,0
07-12-1978,0
11-12-1978,0
16-12-1978,0
17-12-1978,0
18-12-1978,0
19-12-1978,0
20-12-1978,0
21-12-1978,0
23-12-1978,0
24-12-1978,0
25-12-1978,0
26-12-1978,0
28-12-1978,0
29-12-1978,0
30-12-1978,0
02-01-1979,0
06-01-1979,0
12-01-1979,0
13-01-1979,0
14-01-1979,0
15-01-1979,0
16-01-1979,1
18-01-1979,0
19-01-1979,0
21-01-1979,0
22-01-1979,0
26-01-1979,0
28-01-1979,0
29-01-1979,2
30-01-1979,2
14-02-1979,0
15-02-1979,0
16-02-1979,0
17-02-1979,1
18-02-1979,0
27-02-1979,0
28-02-1979,0
02-03-1979,0
03-03-1979,0
11-03-1979,0
13-03-1979,0
15-03-1979,0
16-03-1979,0
20-03-1979,0
23-03-1979,0
01-04-1979,0
07-04-1979,0.5
12-04-1979,0
20-04-1979,6.1
21-04-1979,0
02-05-1979,0
03-05-1979,0
08-05-1979,0
10-05-1979,16
11-05-1979,10.9
12-05-1979,3
13-05-1979,0
14-05-1979,0
15-05-1979,0
26-05-1979,0
27-05-1979,0
28-05-1979,0
29-05-1979,0
30-05-1979,0
01-06-1979,0
02-06-1979,0
05-06-1979,4.1
06-06-1979,0
08-06-1979,6.1
12-06-1979,0
13-06-1979,35.1
14-06-1979,45
15-06-1979,0
16-06-1979,0
18-06-1979,1
19-06-1979,0
20-06-1979,0
21-06-1979,7.1
22-06-1979,0
26-06-1979,9.9
27-06-1979,0
04-07-1979,0
05-07-1979,0
07-07-1979,15
20-07-1979,0
01-08-1979,27.9
03-08-1979,19.1
04-08-1979,0
05-08-1979,8.9
06-08-1979,1
07-08-1979,0
09-08-1979,0
11-08-1979,8.9
12-08-1979,9.9
13-08-1979,0
16-08-1979,0
17-08-1979,3
18-08-1979,11.9
19-08-1979,1
22-08-1979,7.1
25-08-1979,0
26-08-1979,11.9
27-08-1979,11.9
28-08-1979,0
29-08-1979,1
30-08-1979,4.1
31-08-1979,7.9
01-09-1979,1
02-09-1979,0
03-09-1979,10.9
04-09-1979,0
05-09-1979,3
06-09-1979,0
07-09-1979,0
08-09-1979,0
10-09-1979,2
12-09-1979,0
13-09-1979,2
14-09-1979,0
15-09-1979,0
16-09-1979,4.1
17-09-1979,0
19-09-1979,0
21-09-1979,0
22-09-1979,0
24-09-1979,0
25-09-1979,0
02-10-1979,5.1
03-10-1979,0.5
11-10-1979,5.1
12-10-1979,11.9
13-10-1979,0
19-10-1979,0
21-10-1979,0
23-10-1979,0
24-10-1979,0
26-10-1979,0
28-10-1979,2
29-10-1979,0
01-11-1979,0
08-11-1979,0
12-11-1979,0
15-11-1979,0
16-11-1979,0
19-11-1979,0
21-11-1979,0
24-11-1979,0
27-11-1979,0
03-12-1979,0
11-12-1979,0
15-12-1979,0
18-12-1979,0
19-12-1979,0
23-12-1979,0
27-12-1979,0
28-12-1979,0
30-12-1979,7.1
31-12-1979,0
01-01-1980,0
02-01-1980,1
03-01-1980,0
06-01-1980,0
10-01-1980,0
11-01-1980,0
14-01-1980,0
16-01-1980,0
18-01-1980,0
22-01-1980,0
23-01-1980,0
25-01-1980,0
27-01-1980,0
06-02-1980,0
11-02-1980,0
12-02-1980,0
14-02-1980,0
16-02-1980,0
17-02-1980,0
18-02-1980,8.9
19-02-1980,0
20-02-1980,0
21-02-1980,0
22-02-1980,0
23-02-1980,0
24-02-1980,3
25-02-1980,0
27-02-1980,0
28-02-1980,0
29-02-1980,5.1
01-03-1980,0
12-03-1980,0
02-04-1980,0
05-04-1980,0
09-04-1980,0
21-04-1980,0
23-04-1980,180.1
26-04-1980,0
02-05-1980,0
12-05-1980,1
16-05-1980,15
17-05-1980,0
21-05-1980,2
23-05-1980,3
24-05-1980,0
26-05-1980,2
28-05-1980,24.9
29-05-1980,0
30-05-1980,0
02-06-1980,1
03-06-1980,0
04-06-1980,8.9
05-06-1980,0
13-06-1980,2
14-06-1980,0
18-06-1980,0
20-06-1980,17
30-06-1980,2
01-07-1980,1
02-07-1980,1
04-07-1980,0
05-07-1980,0
11-07-1980,7.1
12-07-1980,7.9
13-07-1980,4.1
20-07-1980,4.1
21-07-1980,0
23-07-1980,4.1
24-07-1980,17
25-07-1980,20.1
27-07-1980,1
28-07-1980,6.1
29-07-1980,0
23-08-1980,20.1
24-08-1980,4.1
25-08-1980,6.1
26-08-1980,0
27-08-1980,0
28-08-1980,7.1
29-08-1980,0
01-09-1980,9.9
02-09-1980,7.9
03-09-1980,3
06-09-1980,6.1
07-09-1980,2
08-09-1980,6.1
09-09-1980,7.9
10-09-1980,4.1
12-09-1980,20.1
13-09-1980,2
14-09-1980,0
15-09-1980,0.5
16-09-1980,11.9
17-09-1980,0
18-09-1980,9.9
19-09-1980,21.1
22-09-1980,0
12-10-1980,0
30-10-1980,0
04-11-1980,0
05-11-1980,0
08-11-1980,0
09-11-1980,0
11-11-1980,0
14-11-1980,0
15-11-1980,0
17-11-1980,0
18-11-1980,0
20-11-1980,0
21-11-1980,0
22-11-1980,0
24-11-1980,0
25-11-1980,0
26-11-1980,0
27-11-1980,0
28-11-1980,0
01-12-1980,0
02-12-1980,0
05-12-1980,0
06-12-1980,0
12-12-1980,0
13-12-1980,0
14-12-1980,0
18-12-1980,0
19-12-1980,0
26-12-1980,0
27-12-1980,0
28-12-1980,0
29-12-1980,0
30-12-1980,0
01-01-1981,0
03-01-1981,0
06-01-1981,0
13-01-1981,2
14-01-1981,0
20-01-1981,0
21-01-1981,0
22-01-1981,0
23-01-1981,0.3
24-01-1981,0
28-01-1981,0
02-02-1981,0
03-02-1981,0
04-02-1981,0
10-02-1981,0
11-02-1981,0
12-02-1981,0
15-02-1981,0
16-02-1981,0
17-02-1981,0
18-02-1981,0
20-02-1981,0
21-02-1981,0
25-02-1981,0
27-02-1981,0
01-03-1981,2
02-03-1981,0
03-03-1981,0
21-03-1981,0
23-03-1981,0
24-03-1981,0
28-03-1981,0
31-03-1981,4.1
03-04-1981,0
04-04-1981,0
06-04-1981,0
08-04-1981,0
09-04-1981,0
12-04-1981,23.1
13-04-1981,0
14-04-1981,7.9
15-04-1981,0
16-04-1981,16
19-04-1981,0
20-04-1981,0
23-04-1981,0
28-04-1981,0
05-05-1981,1
06-05-1981,2
07-05-1981,0
19-05-1981,0
22-05-1981,0
23-05-1981,17
24-05-1981,4.1
26-05-1981,2
27-05-1981,20.1
28-05-1981,0
30-05-1981,0
31-05-1981,0
01-06-1981,13
02-06-1981,5.1
05-06-1981,4.1
06-06-1981,0
09-06-1981,0
10-06-1981,4.1
16-06-1981,0
11-07-1981,0
12-07-1981,22.1
13-07-1981,14
14-07-1981,16
17-07-1981,0
20-07-1981,17
23-07-1981,11.9
25-07-1981,3
29-07-1981,5.1
06-08-1981,13
12-08-1981,16
13-08-1981,2
19-08-1981,20.1
26-08-1981,10.9
19-09-1981,1
14-10-1981,0
15-10-1981,0
19-10-1981,0
21-10-1981,0
01-11-1981,0
21-11-1981,0
26-11-1981,0
27-11-1981,0
29-11-1981,0
30-11-1981,0
09-12-1981,0
10-12-1981,0
17-12-1981,0
19-12-1981,0
23-12-1981,0
24-12-1981,0
27-12-1981,0
29-12-1981,0
30-12-1981,0
24-05-1982,11.9
02-07-1982,3
03-07-1982,35.1
04-07-1982,0
30-06-1983,70.1
31-05-1988,2
03-06-1988,1
04-06-1988,0
05-04-1989,0
02-07-1993,2
10-07-1993,4.1
11-07-1993,30
12-07-1993,0
17-07-1993,4.1
18-07-1993,0
23-07-1993,3
24-07-1993,0
05-08-1993,8.9
06-08-1993,17
07-08-1993,3
08-08-1993,4.1
09-08-1993,0
22-08-1993,1
23-08-1993,0
25-08-1993,24.9
26-08-1993,2
27-08-1993,3
28-08-1993,0
03-09-1993,2
04-09-1993,1
05-09-1993,0
06-09-1993,27.9
07-09-1993,0
15-09-1993,2
16-09-1993,0
06-11-1993,2
07-11-1993,0
28-02-1994,0.5
01-03-1994,0
08-03-1994,39.1
09-03-1994,0
21-03-1994,0
29-03-1994,3
30-03-1994,0
30-04-1994,0.5
01-05-1994,0
01-06-1994,19.1
07-07-1994,0
08-07-1994,23.1
09-07-1994,130
10-07-1994,191
11-07-1994,0
13-07-1994,8.9
14-07-1994,0
30-07-1994,18
31-07-1994,0
04-08-1994,4.1
05-08-1994,0
10-08-1994,13
11-08-1994,0
19-08-1994,3
20-08-1994,0
28-08-1994,14
29-08-1994,0
25-09-1994,0.5
02-11-1994,0
29-11-1994,0.5
30-11-1994,0
09-01-1995,3
10-01-1995,0
22-02-1995,0
23-02-1995,0
26-03-1995,5.1
27-03-1995,0
28-04-1995,0.5
29-04-1995,0
11-05-1995,13
12-05-1995,0
08-06-1995,7.9
09-06-1995,0
14-06-1995,3
22-06-1995,0
23-06-1995,0
04-07-1995,1
05-07-1995,0
06-07-1995,13
07-07-1995,0
09-07-1995,13
12-07-1995,2
13-07-1995,0
29-08-1995,64
30-08-1995,0
03-09-1995,27.9
04-09-1995,0
30-03-1996,0
26-04-1996,4.1
27-04-1996,0
30-04-1996,1
01-05-1996,10.9
02-05-1996,0
16-05-1996,18
17-05-1996,2
18-05-1996,0
24-05-1996,0.5
25-05-1996,0
29-05-1996,2
30-05-1996,0
01-06-1996,15
02-06-1996,21.1
03-06-1996,8.9
04-06-1996,0
11-06-1996,2
12-06-1996,0
23-06-1996,1
24-06-1996,0
26-06-1996,0
29-06-1996,5.1
30-06-1996,24.9
01-07-1996,0
02-07-1996,0.5
03-07-1996,0
11-07-1996,2
12-07-1996,0
22-07-1996,20.1
23-07-1996,0
24-07-1996,0.3
25-07-1996,0
09-08-1996,21.1
10-08-1996,0
16-08-1996,8.9
17-08-1996,0
25-08-1996,0
29-08-1996,54.1
30-08-1996,0
03-09-1996,26.9
04-09-1996,7.1
05-09-1996,4.1
06-09-1996,0
11-09-1996,8.9
12-09-1996,0
13-09-1996,0
23-09-1996,5.1
24-09-1996,0
27-09-1996,37.1
28-09-1996,10.9
29-09-1996,0
18-12-1996,0
03-01-1997,0
17-01-1997,0
18-01-1997,0
20-01-1997,10.9
21-01-1997,0
24-01-1997,0
26-01-1997,0
06-02-1997,0
11-02-1997,0
12-02-1997,0
14-02-1997,0
07-04-1997,0
09-04-1997,0
20-04-1997,0
06-09-1997,1
07-09-1997,0
05-10-1997,0
17-10-1997,0
22-10-1997,0
27-10-1997,0
04-11-1997,0
12-11-1997,0
16-11-1997,0
17-11-1997,0
02-12-1997,0
03-12-1997,0
05-12-1997,0
19-12-1997,0
25-12-1997,0
12-01-1998,0
24-05-1998,7.1
25-05-1998,0
01-06-1998,0.5
02-06-1998,0
18-06-1998,3
19-06-1998,0
21-06-1998,55.1
22-06-1998,0
25-06-1998,18
26-06-1998,0
07-07-1998,9.9
08-07-1998,0
09-07-1998,98
10-07-1998,0
15-07-1998,27.9
16-07-1998,0
18-07-1998,6.1
19-07-1998,0
22-07-1998,6.1
23-07-1998,2
24-07-1998,0
27-07-1998,1
28-07-1998,1
29-07-1998,0
01-08-1998,16
02-08-1998,0
07-08-1998,47
08-08-1998,0
09-08-1998,24.9
10-08-1998,0
14-08-1998,14
15-08-1998,0
17-08-1998,5.1
18-08-1998,0
19-08-1998,25.9
20-08-1998,0
26-08-1998,1
27-08-1998,0
28-08-1998,0
02-09-1998,1
03-09-1998,0
06-09-1998,22.1
07-09-1998,5.1
08-09-1998,0
18-09-1998,0
25-09-1998,0
29-09-1998,2
30-09-1998,0
01-10-1998,5.1
02-10-1998,0
03-10-1998,17
04-10-1998,0
08-10-1998,0
09-10-1998,0
15-10-1998,0
20-10-1998,0
18-11-1998,11.9
19-11-1998,0
17-09-1999,0.8
18-09-1999,0
28-09-1999,6.1
29-09-1999,57.9
30-09-1999,0.8
01-10-1999,0.8
02-10-1999,2
03-10-1999,0
05-10-1999,0.8
06-10-1999,0
07-10-1999,47
08-10-1999,0
19-10-1999,3
20-10-1999,65
21-10-1999,15
24-01-2000,0.8
14-03-2000,30
15-03-2000,0
29-07-2000,10.9
30-07-2000,0
31-12-2000,0
01-01-2001,7.1
23-01-2001,0.8
24-01-2001,0.8
25-01-2001,0
16-02-2001,0.8
17-02-2001,0
22-02-2001,0.8
23-02-2001,0
25-02-2001,2
26-02-2001,14
27-02-2001,0
10-03-2001,0.8
11-03-2001,0
14-03-2001,0.5
15-03-2001,1
16-03-2001,0
22-03-2001,0.8
23-03-2001,6.1
24-03-2001,0.8
25-03-2001,0
31-03-2001,1
01-04-2001,0
02-04-2001,4.1
03-04-2001,0
14-04-2001,5.1
15-04-2001,0
17-04-2001,0.8
18-04-2001,0.5
19-04-2001,0.5
20-04-2001,0
27-04-2001,0.8
28-04-2001,0.8
29-04-2001,0
30-04-2001,0.8
03-05-2001,0.8
04-05-2001,14
05-05-2001,0.8
06-05-2001,0
06-03-2002,22.1
07-03-2002,0
06-11-2003,0
07-11-2003,0
10-11-2003,0
11-11-2003,0
12-11-2003,0
15-11-2003,0
16-11-2003,0
17-11-2003,0
18-11-2003,0
20-11-2003,0
22-11-2003,0
23-11-2003,0
25-11-2003,0
27-11-2003,0
29-11-2003,0
30-11-2003,0
01-12-2003,0
03-12-2003,0
04-12-2003,0
05-12-2003,0
06-12-2003,0
07-12-2003,0
08-12-2003,0
09-12-2003,0
10-12-2003,0
11-12-2003,0
12-12-2003,0
13-12-2003,0
14-12-2003,0
16-12-2003,0
17-12-2003,0
18-12-2003,0
24-12-2003,0
25-12-2003,0
26-12-2003,0
28-12-2003,17.3
29-12-2003,0
30-12-2003,0
31-12-2003,0
02-01-2004,0
05-01-2004,0
07-01-2004,0
08-01-2004,0
12-01-2004,0
13-01-2004,0
14-01-2004,0
15-01-2004,0
16-01-2004,0
18-01-2004,0
19-01-2004,0
20-01-2004,0
22-01-2004,6.4
23-01-2004,0
27-01-2004,0
28-01-2004,0
29-01-2004,0
30-01-2004,0
31-01-2004,0
01-02-2004,0
02-02-2004,0
03-02-2004,0
04-02-2004,0
05-02-2004,0
06-02-2004,0
07-02-2004,0
08-02-2004,0
09-02-2004,0
10-02-2004,0
13-02-2004,0
14-02-2004,0
15-02-2004,0
16-02-2004,0
17-02-2004,0
20-02-2004,0
21-02-2004,0
23-02-2004,0
24-02-2004,0
26-02-2004,0
27-02-2004,0
29-02-2004,0
01-03-2004,0
02-03-2004,0
03-03-2004,0
05-03-2004,0
07-03-2004,0
08-03-2004,0
09-03-2004,0
10-03-2004,0
11-03-2004,1.8
12-03-2004,0
13-03-2004,0
15-03-2004,28.4
16-03-2004,0.8
17-03-2004,0
18-03-2004,0
19-03-2004,0
20-03-2004,0
22-03-2004,0
23-03-2004,0
24-03-2004,0
25-03-2004,0
26-03-2004,0
27-03-2004,0
28-03-2004,0
29-03-2004,0
30-03-2004,0
31-03-2004,0
01-04-2004,0
06-04-2004,0
07-04-2004,0
08-04-2004,0
09-04-2004,0
10-04-2004,0
11-04-2004,0
12-04-2004,0
13-04-2004,0.3
14-04-2004,0
16-04-2004,0
17-04-2004,0
18-04-2004,77.2
19-04-2004,8.6
20-04-2004,99.1
21-04-2004,0
25-04-2004,0.5
26-04-2004,0.5
27-04-2004,10.7
28-04-2004,13.5
29-04-2004,0
01-05-2004,14.7
02-05-2004,0
03-05-2004,0
04-05-2004,0
05-05-2004,0
06-05-2004,0
07-05-2004,0
08-05-2004,0
09-05-2004,0
10-05-2004,0
13-05-2004,0
14-05-2004,0
15-05-2004,0
16-05-2004,0
18-05-2004,0
20-05-2004,61.7
21-05-2004,0
22-05-2004,2
23-05-2004,5.6
24-05-2004,13
25-05-2004,2.8
26-05-2004,15.5
27-05-2004,2
28-05-2004,0
29-05-2004,0
04-06-2004,0
05-06-2004,15
06-06-2004,0
07-06-2004,12.2
08-06-2004,0
09-06-2004,3.8
10-06-2004,9.7
11-06-2004,0
13-06-2004,9.9
14-06-2004,0.3
15-06-2004,0
16-06-2004,1
17-06-2004,1.8
18-06-2004,22.4
19-06-2004,7.1
20-06-2004,0
21-06-2004,3.8
22-06-2004,0
23-06-2004,0
24-06-2004,1
25-06-2004,0
26-06-2004,0
29-06-2004,0
30-06-2004,0.5
01-07-2004,0.5
04-07-2004,1.3
05-07-2004,4.8
06-07-2004,0.5
07-07-2004,3.3
08-07-2004,11.2
09-07-2004,70.1
10-07-2004,43.4
11-07-2004,20.3
12-07-2004,6.1
13-07-2004,4.3
14-07-2004,0
15-07-2004,35.1
16-07-2004,1.5
17-07-2004,62.7
18-07-2004,11.7
19-07-2004,0
20-07-2004,20.3
21-07-2004,4.8
22-07-2004,6.4
23-07-2004,3.8
24-07-2004,23.1
25-07-2004,32
26-07-2004,15
27-07-2004,0
29-07-2004,18.5
30-07-2004,1.8
31-07-2004,0
01-08-2004,0
02-08-2004,2.5
04-08-2004,0
05-08-2004,1.8
06-08-2004,0
08-08-2004,12.7
09-08-2004,0
10-08-2004,4.3
11-08-2004,0
13-08-2004,37.8
14-08-2004,1.8
15-08-2004,0
16-08-2004,0
18-08-2004,5.6
19-08-2004,0
23-08-2004,0.3
24-08-2004,17.3
25-08-2004,33
26-08-2004,0
27-08-2004,0
28-08-2004,0
30-08-2004,0.5
31-08-2004,23.1
01-09-2004,33.8
03-09-2004,0
04-09-2004,3
05-09-2004,7.9
06-09-2004,0
07-09-2004,11.2
08-09-2004,9.1
09-09-2004,0
10-09-2004,3.3
11-09-2004,2.3
12-09-2004,7.4
13-09-2004,7.6
14-09-2004,23.6
15-09-2004,4.8
16-09-2004,18.5
17-09-2004,33.3
19-09-2004,1.3
20-09-2004,8.1
21-09-2004,0.8
22-09-2004,0
23-09-2004,0
24-09-2004,0
25-09-2004,0
26-09-2004,0
27-09-2004,0
28-09-2004,0
29-09-2004,3.6
30-09-2004,0.3
01-10-2004,8.4
02-10-2004,7.9
03-10-2004,23.1
04-10-2004,0
06-10-2004,10.9
07-10-2004,51.3
08-10-2004,1
09-10-2004,0
10-10-2004,0
12-10-2004,1.8
13-10-2004,0
14-10-2004,0.3
15-10-2004,0.3
16-10-2004,0
17-10-2004,0
18-10-2004,0
19-10-2004,0
20-10-2004,0
22-10-2004,0
23-10-2004,0
24-10-2004,1.5
25-10-2004,0.5
26-10-2004,1.3
27-10-2004,0
28-10-2004,0
29-10-2004,0
30-10-2004,0
01-11-2004,0
02-11-2004,0
03-11-2004,0
04-11-2004,0
06-11-2004,0
08-11-2004,0
09-11-2004,0
10-11-2004,0
11-11-2004,0
13-11-2004,0
14-11-2004,0
16-11-2004,0
17-11-2004,0
18-11-2004,0
19-11-2004,0
20-11-2004,0
21-11-2004,0
22-11-2004,0
23-11-2004,38.4
24-11-2004,0
25-11-2004,0
26-11-2004,0
27-11-2004,0
29-11-2004,0
30-11-2004,0
02-12-2004,0
03-12-2004,0
04-12-2004,0
05-12-2004,0
06-12-2004,0
07-12-2004,0
08-12-2004,0
10-12-2004,0
11-12-2004,0
12-12-2004,0
13-12-2004,0
14-12-2004,0
16-12-2004,0
17-12-2004,0
18-12-2004,0
19-12-2004,0
23-12-2004,0
24-12-2004,0
27-12-2004,0
28-12-2004,0
31-12-2004,0
02-01-2005,0
04-01-2005,0
05-01-2005,0
06-01-2005,0
07-01-2005,0
08-01-2005,0
09-01-2005,0
10-01-2005,0
11-01-2005,0
12-01-2005,0
13-01-2005,0
17-01-2005,0
18-01-2005,13.5
19-01-2005,8.4
20-01-2005,0
23-01-2005,28.4
24-01-2005,19.8
25-01-2005,0
26-01-2005,0
27-01-2005,0
28-01-2005,0
29-01-2005,0
30-01-2005,0
31-01-2005,0
10-02-2005,0
11-02-2005,0
12-02-2005,0
13-02-2005,0
14-02-2005,0
15-02-2005,0
16-02-2005,1.8
17-02-2005,0
18-02-2005,2.8
19-02-2005,0
20-02-2005,0
21-02-2005,0
22-02-2005,0.8
23-02-2005,11.2
24-02-2005,0
25-02-2005,0
26-02-2005,0
27-02-2005,0
28-02-2005,0
02-03-2005,0
03-03-2005,0
05-03-2005,0
06-03-2005,0
07-03-2005,0
08-03-2005,0
09-03-2005,0
10-03-2005,0
11-03-2005,7.9
12-03-2005,2
13-03-2005,0.3
14-03-2005,0
15-03-2005,0
18-03-2005,11.9
19-03-2005,0
20-03-2005,0.3
21-03-2005,0
22-03-2005,0
23-03-2005,0
24-03-2005,6.1
25-03-2005,0
26-03-2005,0
27-03-2005,0
03-04-2005,0.5
04-04-2005,0
05-04-2005,0
07-04-2005,0
08-04-2005,0
09-04-2005,1
10-04-2005,0
11-04-2005,0
12-04-2005,0
14-04-2005,0
15-04-2005,0
16-04-2005,0
17-04-2005,0
18-04-2005,0
19-04-2005,0
20-04-2005,0
21-04-2005,0
22-04-2005,0.3
23-04-2005,0
24-04-2005,0
25-04-2005,2
26-04-2005,0
27-04-2005,9.9
28-04-2005,0
29-04-2005,4.1
30-04-2005,14
01-05-2005,0.5
02-05-2005,0
03-05-2005,0
04-05-2005,0
05-05-2005,3.8
06-05-2005,8.9
07-05-2005,1
08-05-2005,0.3
09-05-2005,5.6
10-05-2005,0
11-05-2005,0
12-05-2005,0
13-05-2005,0
14-05-2005,0.8
15-05-2005,0.5
16-05-2005,0
17-05-2005,1.5
18-05-2005,0.8
19-05-2005,0
20-05-2005,4.8
21-05-2005,0
22-05-2005,0
23-05-2005,0
24-05-2005,0
25-05-2005,0
26-05-2005,0
28-05-2005,1
29-05-2005,0
30-05-2005,0
31-05-2005,0
01-06-2005,0
02-06-2005,0
03-06-2005,0
04-06-2005,0.3
05-06-2005,8.9
06-06-2005,15.5
08-06-2005,0
09-06-2005,0
10-06-2005,0
11-06-2005,2.3
12-06-2005,0
14-06-2005,23.4
15-06-2005,0
16-06-2005,0
17-06-2005,0
18-06-2005,0
19-06-2005,0.3
20-06-2005,3.6
25-06-2005,1.3
26-06-2005,11.7
27-06-2005,6.1
28-06-2005,0
29-06-2005,19.6
30-06-2005,9.9
05-07-2005,0
06-07-2005,0
07-07-2005,7.1
08-07-2005,51.6
09-07-2005,0
10-07-2005,43.2
11-07-2005,17.3
12-07-2005,5.3
13-07-2005,11.7
14-07-2005,11.2
15-07-2005,23.6
16-07-2005,13.7
17-07-2005,0
19-07-2005,0
20-07-2005,4.3
21-07-2005,0.8
22-07-2005,0.5
23-07-2005,0
25-07-2005,1.5
26-07-2005,5.1
27-07-2005,0
30-07-2005,0.3
31-07-2005,0.8
01-08-2005,0
02-08-2005,0
03-08-2005,1.8
04-08-2005,6.6
05-08-2005,27.7
06-08-2005,27.4
07-08-2005,55.1
08-08-2005,0
09-08-2005,26.9
10-08-2005,13.5
11-08-2005,0
12-08-2005,13.2
13-08-2005,1.3
17-08-2005,0.5
18-08-2005,1.8
19-08-2005,7.6
20-08-2005,30.2
21-08-2005,0
22-08-2005,25.7
23-08-2005,1
24-08-2005,6.6
25-08-2005,12.7
26-08-2005,0
27-08-2005,31
28-08-2005,0
29-08-2005,0
30-08-2005,0
31-08-2005,0.3
01-09-2005,0
04-09-2005,1.3
05-09-2005,2.8
06-09-2005,15
07-09-2005,0
08-09-2005,0
09-09-2005,1.8
10-09-2005,24.4
11-09-2005,12.7
12-09-2005,0
15-09-2005,0
16-09-2005,0
17-09-2005,0
18-09-2005,0.5
19-09-2005,0
20-09-2005,0
21-09-2005,26.7
22-09-2005,8.4
23-09-2005,0
24-09-2005,0
25-09-2005,0
26-09-2005,0
27-09-2005,0.3
28-09-2005,0
29-09-2005,0
30-09-2005,0
01-10-2005,0
02-10-2005,0
03-10-2005,0
05-10-2005,0
06-10-2005,0
07-10-2005,1.5
08-10-2005,0
09-10-2005,35.3
10-10-2005,20.1
11-10-2005,0
12-10-2005,0
13-10-2005,0
14-10-2005,0
15-10-2005,0
16-10-2005,0
17-10-2005,0
18-10-2005,0
19-10-2005,0.5
20-10-2005,0
21-10-2005,23.9
22-10-2005,30.2
23-10-2005,0
24-10-2005,0
26-10-2005,0
27-10-2005,0
28-10-2005,0
30-10-2005,0
01-11-2005,0
02-11-2005,0
04-11-2005,0
06-11-2005,0
09-11-2005,0
10-11-2005,0
11-11-2005,0
12-11-2005,0
13-11-2005,0
14-11-2005,0
16-11-2005,0
17-11-2005,0
18-11-2005,0
19-11-2005,0
20-11-2005,0
21-11-2005,0
29-11-2005,0
30-11-2005,0
01-12-2005,0
02-12-2005,0
03-12-2005,0
04-12-2005,0
05-12-2005,0
06-12-2005,0
07-12-2005,0
08-12-2005,0
09-12-2005,0
10-12-2005,0
11-12-2005,0
12-12-2005,0
13-12-2005,0
14-12-2005,0
15-12-2005,0
16-12-2005,0
17-12-2005,0
18-12-2005,0
19-12-2005,0
20-12-2005,0
21-12-2005,0
22-12-2005,0
23-12-2005,0
25-12-2005,0
26-12-2005,0
28-12-2005,0
29-12-2005,0
30-12-2005,0
31-12-2005,0
01-01-2006,0
02-01-2006,0
03-01-2006,0
04-01-2006,0
05-01-2006,0
06-01-2006,0
09-01-2006,0
10-01-2006,0
11-01-2006,0
12-01-2006,0
13-01-2006,0
14-01-2006,0
15-01-2006,0
16-01-2006,0
18-01-2006,0
19-01-2006,0
20-01-2006,0
21-01-2006,0
24-01-2006,0
25-01-2006,0
26-01-2006,0
27-01-2006,0
28-01-2006,0
29-01-2006,0
30-01-2006,0
31-01-2006,0
01-02-2006,0
03-02-2006,0
04-02-2006,0
05-02-2006,0
06-02-2006,0
08-02-2006,0
09-02-2006,0
10-02-2006,0
11-02-2006,0
13-02-2006,0
14-02-2006,0
17-02-2006,0
18-02-2006,0
19-02-2006,0
20-02-2006,0
21-02-2006,0
22-02-2006,0
23-02-2006,0
24-02-2006,0
25-02-2006,0
26-02-2006,0
27-02-2006,0
28-02-2006,0
02-03-2006,0
04-03-2006,0
05-03-2006,0
06-03-2006,0
07-03-2006,0
08-03-2006,0
09-03-2006,0
10-03-2006,0
11-03-2006,21.8
12-03-2006,0
13-03-2006,0.5
14-03-2006,0
15-03-2006,2.3
16-03-2006,0
19-03-2006,0
20-03-2006,0
21-03-2006,0
22-03-2006,0
24-03-2006,0
26-03-2006,0
27-03-2006,0
28-03-2006,0
30-03-2006,0
31-03-2006,0
03-04-2006,1.5
04-04-2006,0
28-04-2006,0
29-04-2006,0
30-04-2006,0
01-05-2006,0
02-05-2006,0
04-05-2006,0
05-05-2006,0
06-05-2006,0
08-05-2006,39.1
09-05-2006,0
10-05-2006,17
11-05-2006,7.9
15-05-2006,0
18-05-2006,2.3
20-05-2006,2.8
22-05-2006,2.3
24-05-2006,2.3
25-05-2006,0
26-05-2006,0
27-05-2006,22.6
29-05-2006,0
30-05-2006,0
31-05-2006,0
07-06-2006,5.1
08-06-2006,0.8
19-06-2006,0
21-06-2006,19.3
03-07-2006,10.9
04-07-2006,0
07-07-2006,1.5
17-07-2006,26.4
19-07-2006,19.1
20-07-2006,14.7
22-07-2006,0
24-07-2006,36.8
26-07-2006,8.4
27-07-2006,0
29-07-2006,2.5
31-07-2006,0
02-08-2006,39.4
05-08-2006,2.8
07-08-2006,0
10-08-2006,0
12-08-2006,0
14-08-2006,4.1
16-08-2006,4.3
17-08-2006,0
21-08-2006,9.1
24-08-2006,27.7
26-08-2006,5.8
28-08-2006,4.3
29-08-2006,12.7
31-08-2006,2
04-09-2006,0
11-09-2006,1.5
13-09-2006,2.8
14-09-2006,0
16-09-2006,19.8
18-09-2006,0
21-09-2006,2.3
30-09-2006,13.5
02-10-2006,0
14-10-2006,0
18-10-2006,0
19-10-2006,0
23-10-2006,0
25-10-2006,0
26-10-2006,0
28-10-2006,0
30-10-2006,0
20-11-2006,0
22-11-2006,0
24-11-2006,0
26-11-2006,0
27-11-2006,0
28-11-2006,0
29-11-2006,0
30-11-2006,0
05-12-2006,0
07-12-2006,0
11-12-2006,17.3
12-12-2006,16.8
18-12-2006,0
19-12-2006,0
20-12-2006,0
26-12-2006,0
27-12-2006,0
28-12-2006,0
29-12-2006,0
31-12-2006,0
01-01-2007,0
04-01-2007,0
06-01-2007,0
11-01-2007,0
12-01-2007,0
15-01-2007,0
18-01-2007,0
22-01-2007,0
24-01-2007,0
25-01-2007,0
03-02-2007,0
04-02-2007,0
07-02-2007,16
10-02-2007,0
12-02-2007,0.5
14-02-2007,45
15-02-2007,0
17-02-2007,3
22-02-2007,0
24-02-2007,0
01-03-2007,1
03-03-2007,0
07-03-2007,0
08-03-2007,0
10-03-2007,0
14-03-2007,5.6
21-03-2007,0
23-03-2007,0
31-03-2007,0
01-04-2007,0
03-04-2007,0
04-04-2007,0
05-04-2007,0
08-04-2007,1.5
10-04-2007,0
12-04-2007,0
13-04-2007,0
14-04-2007,0
15-04-2007,0
20-04-2007,0
21-04-2007,0
24-04-2007,10.2
02-05-2007,14.7
09-05-2007,4.6
10-05-2007,0
12-05-2007,8.4
14-05-2007,0
15-05-2007,0
30-05-2007,0
07-06-2007,12.2
09-06-2007,13.2
15-06-2007,29.7
20-06-2007,0
21-06-2007,0
23-06-2007,19.6
24-06-2007,6.4
27-06-2007,34.3
30-06-2007,0
01-07-2007,0
03-07-2007,4.1
04-07-2007,4.6
05-07-2007,0.5
07-07-2007,18.8
09-07-2007,0.5
11-07-2007,2.8
12-07-2007,0
14-07-2007,34.5
16-07-2007,12.2
17-07-2007,3.8
18-07-2007,0.3
19-07-2007,0
21-07-2007,14.7
28-07-2007,17
30-07-2007,10.7
31-07-2007,18.5
01-08-2007,1.3
03-08-2007,1.5
04-08-2007,0
10-08-2007,4.1
11-08-2007,18.5
13-08-2007,39.6
16-08-2007,7.9
18-08-2007,1
25-08-2007,26.2
26-08-2007,0.3
30-08-2007,3.8
08-09-2007,0
09-09-2007,0
10-09-2007,4.3
12-09-2007,7.9
14-09-2007,0
17-09-2007,0.3
19-09-2007,0
20-09-2007,7.9
21-09-2007,0.5
22-09-2007,0.5
23-09-2007,0
24-09-2007,2.3
25-09-2007,15.7
26-09-2007,21.1
27-09-2007,4.8
28-09-2007,0
29-09-2007,43.7
30-09-2007,2
01-10-2007,0
04-10-2007,0
05-10-2007,0
08-10-2007,0.3
09-10-2007,0
10-10-2007,0
12-10-2007,0
13-10-2007,3.3
14-10-2007,0
16-10-2007,13
17-10-2007,0.3
18-10-2007,0
19-10-2007,0
20-10-2007,0
21-10-2007,0
23-10-2007,0
24-10-2007,0
25-10-2007,0
26-10-2007,0
27-10-2007,0
28-10-2007,0
29-10-2007,0
30-10-2007,0
31-10-2007,0
04-11-2007,0
05-11-2007,0
06-11-2007,0
09-11-2007,3.3
10-11-2007,0
11-11-2007,0
12-11-2007,0
13-11-2007,0
14-11-2007,0
17-11-2007,0
20-11-2007,0
21-11-2007,0
24-11-2007,0
25-11-2007,0
26-11-2007,0
27-11-2007,0
28-11-2007,0
01-12-2007,0
02-12-2007,0
03-12-2007,0
04-12-2007,0
05-12-2007,0
08-12-2007,0
09-12-2007,0
10-12-2007,0
11-12-2007,0
12-12-2007,0
17-12-2007,0
23-12-2007,0
25-12-2007,0
29-12-2007,0
30-12-2007,0
31-12-2007,0
01-01-2008,0
06-01-2008,0
08-01-2008,0
09-01-2008,0
11-01-2008,0
12-01-2008,0
13-01-2008,0
15-01-2008,0
18-01-2008,0
19-01-2008,4.8
20-01-2008,0
22-01-2008,0
26-01-2008,0
27-01-2008,0
29-01-2008,0
01-02-2008,0
03-02-2008,0
05-02-2008,0
07-02-2008,0
08-02-2008,0
16-02-2008,0
19-02-2008,0
20-02-2008,0
26-02-2008,0
02-03-2008,11.9
03-03-2008,8.1
04-03-2008,9.7
05-03-2008,0
16-03-2008,0
17-03-2008,0
18-03-2008,0
21-03-2008,0
25-03-2008,0
29-03-2008,0
31-03-2008,0
02-04-2008,1.3
03-04-2008,3.6
04-04-2008,0
05-04-2008,8.1
06-04-2008,1.5
07-04-2008,0
08-04-2008,0
11-04-2008,0
13-04-2008,2.3
14-04-2008,0
16-04-2008,0
18-04-2008,0
22-04-2008,0
23-04-2008,0
27-04-2008,0
28-04-2008,0.5
29-04-2008,0
12-05-2008,0
13-05-2008,0
14-05-2008,0
15-05-2008,0
16-05-2008,0
17-05-2008,30.7
18-05-2008,0
22-05-2008,0
24-05-2008,0
26-05-2008,1.8
27-05-2008,0.3
28-05-2008,0
29-05-2008,0
30-05-2008,0
31-05-2008,0
01-06-2008,0
02-06-2008,0
03-06-2008,0.8
04-06-2008,10.9
05-06-2008,7.1
06-06-2008,0
07-06-2008,0
08-06-2008,12.4
09-06-2008,0.8
10-06-2008,5.6
11-06-2008,5.6
12-06-2008,2.3
13-06-2008,0
14-06-2008,50.8
15-06-2008,0
16-06-2008,0
17-06-2008,1.5
18-06-2008,0
19-06-2008,14.5
20-06-2008,7.1
21-06-2008,0
24-06-2008,0
27-06-2008,10.2
28-06-2008,0
01-07-2008,5.6
02-07-2008,0
03-07-2008,0
05-07-2008,8.1
06-07-2008,2.3
07-07-2008,25.7
08-07-2008,0
10-07-2008,0.5
11-07-2008,5.8
12-07-2008,0
16-07-2008,4.8
17-07-2008,1
18-07-2008,10.7
19-07-2008,6.4
20-07-2008,8.1
21-07-2008,3.6
22-07-2008,1.8
23-07-2008,8.9
24-07-2008,0.3
25-07-2008,0
26-07-2008,0
27-07-2008,13
28-07-2008,0
29-07-2008,5.6
30-07-2008,17.8
31-07-2008,5.1
01-08-2008,0.5
02-08-2008,0
03-08-2008,30.2
04-08-2008,9.1
05-08-2008,1
06-08-2008,6.9
07-08-2008,29.7
08-08-2008,13.5
09-08-2008,0
10-08-2008,36.1
11-08-2008,4.1
12-08-2008,0
13-08-2008,18.8
14-08-2008,11.7
15-08-2008,2.5
16-08-2008,0
17-08-2008,0
20-08-2008,2
21-08-2008,10.9
22-08-2008,0.3
23-08-2008,1
24-08-2008,14
25-08-2008,0
26-08-2008,6.4
27-08-2008,11.4
28-08-2008,4.8
29-08-2008,1
30-08-2008,8.1
02-09-2008,0
03-09-2008,0
04-09-2008,1
05-09-2008,2
06-09-2008,1
07-09-2008,0.8
08-09-2008,4.3
09-09-2008,0
10-09-2008,0
11-09-2008,37.3
12-09-2008,80.3
13-09-2008,14.2
14-09-2008,26.4
15-09-2008,8.9
16-09-2008,0
17-09-2008,0
18-09-2008,3.6
20-09-2008,1
21-09-2008,0
22-09-2008,7.6
23-09-2008,0
24-09-2008,23.1
25-09-2008,7.1
26-09-2008,0
28-09-2008,24.4
29-09-2008,0
30-09-2008,0.5
01-10-2008,0
05-10-2008,0
06-10-2008,0.3
07-10-2008,3.6
08-10-2008,0
09-10-2008,0
10-10-2008,0
11-10-2008,4.8
12-10-2008,4.8
13-10-2008,0
14-10-2008,0
15-10-2008,0
16-10-2008,0
17-10-2008,0
18-10-2008,0
19-10-2008,0
20-10-2008,0
21-10-2008,0
23-10-2008,0
25-10-2008,0
27-10-2008,0
29-10-2008,0
30-10-2008,0
06-11-2008,0
08-11-2008,0
09-11-2008,0
12-11-2008,0
13-11-2008,0
14-11-2008,0
15-11-2008,0
16-11-2008,0
20-11-2008,0
21-11-2008,0
22-11-2008,0
24-11-2008,0
28-11-2008,0
29-11-2008,0
01-12-2008,0
02-12-2008,0
04-12-2008,0
05-12-2008,0
07-12-2008,0
08-12-2008,0
10-12-2008,0
12-12-2008,0
14-12-2008,0
17-12-2008,0
20-12-2008,0
27-12-2008,0
31-12-2008,0
02-01-2009,0
03-01-2009,0
08-01-2009,0
11-01-2009,0
14-01-2009,0
21-01-2009,0
23-01-2009,0
24-01-2009,0
26-01-2009,0
06-02-2009,0
11-02-2009,0
12-02-2009,0
13-02-2009,0
14-02-2009,0
19-02-2009,0
20-02-2009,0
21-02-2009,0
24-02-2009,0
25-02-2009,0
26-02-2009,0
28-02-2009,0
04-03-2009,0
05-03-2009,0
06-03-2009,0
08-03-2009,0
10-03-2009,0
19-03-2009,0
20-03-2009,0.3
21-03-2009,0
25-03-2009,0
26-03-2009,0
27-03-2009,0
28-03-2009,0.5
29-03-2009,0
31-03-2009,1.3
01-04-2009,0
02-04-2009,0
03-04-2009,0
04-04-2009,1.3
05-04-2009,0
08-04-2009,0
09-04-2009,0
10-04-2009,0
15-04-2009,0
16-04-2009,0
17-04-2009,0
23-04-2009,0
26-04-2009,0
27-04-2009,0
01-05-2009,0
03-05-2009,1.3
04-05-2009,0
06-05-2009,1.5
07-05-2009,0
11-05-2009,8.9
12-05-2009,0
13-05-2009,10.2
14-05-2009,0
15-05-2009,1.5
16-05-2009,0
25-05-2009,5.6
26-05-2009,0
27-05-2009,0
29-05-2009,0
02-06-2009,0
03-06-2009,4.1
04-06-2009,0
05-06-2009,25.4
06-06-2009,0
08-06-2009,0
10-06-2009,0
12-06-2009,5.1
13-06-2009,0
14-06-2009,0
18-06-2009,0
22-06-2009,2
23-06-2009,0
24-06-2009,0
26-06-2009,14.5
27-06-2009,0
28-06-2009,9.4
29-06-2009,0
02-07-2009,3.8
03-07-2009,0
04-07-2009,0
05-07-2009,7.1
06-07-2009,9.1
07-07-2009,0
08-07-2009,2.8
09-07-2009,0
10-07-2009,0
12-07-2009,5.1
13-07-2009,0
14-07-2009,0
16-07-2009,0.3
17-07-2009,0
18-07-2009,0
20-07-2009,8.1
21-07-2009,0.5
22-07-2009,0
24-07-2009,0
26-07-2009,15
27-07-2009,0
28-07-2009,0
01-08-2009,7.6
02-08-2009,0
03-08-2009,0
07-08-2009,21.8
08-08-2009,0
09-08-2009,0.3
10-08-2009,0
13-08-2009,58.7
14-08-2009,0
15-08-2009,5.1
16-08-2009,0
17-08-2009,59.7
18-08-2009,0
19-08-2009,0.5
20-08-2009,19.1
21-08-2009,0
23-08-2009,7.9
24-08-2009,0
25-08-2009,0
26-08-2009,15.7
27-08-2009,28.2
28-08-2009,0
29-08-2009,0
30-08-2009,15.5
31-08-2009,0.3
02-09-2009,11.7
03-09-2009,0
04-09-2009,3
05-09-2009,0
10-09-2009,1.3
11-09-2009,0
12-09-2009,0
14-09-2009,0
16-09-2009,0
17-09-2009,0
18-09-2009,0
19-09-2009,0
20-09-2009,0
26-09-2009,0
06-10-2009,3.3
07-10-2009,3
08-10-2009,45.2
09-10-2009,0
12-10-2009,0
14-10-2009,0
15-10-2009,0
18-10-2009,0
19-10-2009,0
24-10-2009,0
25-10-2009,0
27-10-2009,0
28-10-2009,0
29-10-2009,0
17-11-2009,0
18-11-2009,0
19-11-2009,0
21-11-2009,0
13-12-2009,0
24-12-2009,0
28-12-2009,0
01-01-2010,0
04-01-2010,0
05-01-2010,0
07-01-2010,0
17-01-2010,0
24-01-2010,0
29-01-2010,0
02-02-2010,0
05-02-2010,0
06-02-2010,0
07-02-2010,0
08-02-2010,0
10-02-2010,1.5
11-02-2010,0
13-02-2010,0.3
14-02-2010,0
18-02-2010,0
19-02-2010,0
21-02-2010,0
22-02-2010,0
25-02-2010,0
26-02-2010,0
05-03-2010,0
06-03-2010,0
10-03-2010,0
12-03-2010,0
28-03-2010,0
30-03-2010,0
05-04-2010,0
07-04-2010,0
15-04-2010,0
03-05-2010,0.8
04-05-2010,0
05-05-2010,4.1
06-05-2010,0
30-05-2010,0
17-06-2010,7.6
18-06-2010,0
22-06-2010,0.5
23-06-2010,0
10-07-2010,11.9
11-07-2010,58.2
12-07-2010,0
14-07-2010,7.6
27-07-2010,7.6
28-07-2010,0
02-08-2010,11.2
03-08-2010,0
04-08-2010,0
06-08-2010,0
09-08-2010,104.9
10-08-2010,0
14-08-2010,12.2
15-08-2010,0
16-08-2010,3.3
17-08-2010,0
18-08-2010,3
19-08-2010,0
20-08-2010,40.4
21-08-2010,0
01-09-2010,12.7
02-09-2010,0
03-09-2010,28.4
04-09-2010,0
17-09-2010,2.8
18-09-2010,0
15-10-2010,0.8
16-10-2010,0
24-10-2010,0
01-11-2010,0
03-11-2010,0
13-11-2010,0
19-11-2010,0
25-11-2010,0
26-11-2010,0
03-12-2010,0
12-12-2010,0
01-01-2011,3.8
07-01-2011,0
10-01-2011,0
15-01-2011,0
19-01-2011,0
01-02-2011,0
08-02-2011,0
17-02-2011,6.6
18-02-2011,0
09-03-2011,1.5
10-03-2011,0
05-04-2011,0
10-04-2011,0
15-04-2011,0
03-05-2011,2
04-05-2011,0.5
05-05-2011,0
12-05-2011,19.6
13-05-2011,0
15-05-2011,0
30-05-2011,1
31-05-2011,0
01-06-2011,0
24-06-2011,5.6
25-06-2011,0
11-07-2011,4.1
12-07-2011,0
15-07-2011,22.6
16-07-2011,0
02-08-2011,1.5
03-08-2011,0
08-08-2011,8.9
09-08-2011,0
20-08-2011,2.8
21-08-2011,0
24-08-2011,8.9
25-08-2011,6.4
26-08-2011,0
11-09-2011,0
06-10-2011,0
08-10-2011,0
11-10-2011,0
20-10-2011,0
27-10-2011,0
08-11-2011,0
12-11-2011,0
29-11-2011,0
30-11-2011,0
05-12-2011,0
08-12-2011,0
12-12-2011,0
16-12-2011,0
20-12-2011,0
24-12-2011,0
09-01-2012,6.1
10-01-2012,0
15-01-2012,0
17-01-2012,0
25-01-2012,0
29-01-2012,0
10-02-2012,0
16-02-2012,0
18-02-2012,0
24-02-2012,0
05-03-2012,0
26-03-2012,0
30-03-2012,0
13-04-2012,0
15-04-2012,0.5
16-04-2012,0
24-04-2012,0
29-04-2012,0
05-05-2012,0.5
06-05-2012,0
20-05-2012,0
31-05-2012,5.3
01-06-2012,3.8
02-06-2012,12.4
03-06-2012,0
05-06-2012,0
08-06-2012,0
09-06-2012,0
13-06-2012,0
14-06-2012,1.5
15-06-2012,0
16-06-2012,0
03-07-2012,46
04-07-2012,0
08-07-2012,0.5
09-07-2012,0
11-07-2012,4.3
12-07-2012,0
13-07-2012,7.1
14-07-2012,0
15-07-2012,45.7
16-07-2012,28.2
17-07-2012,0
19-07-2012,21.8
20-07-2012,0
27-07-2012,27.7
28-07-2012,18
29-07-2012,0
07-08-2012,0
08-08-2012,1.8
09-08-2012,14.7
10-08-2012,1.3
11-08-2012,16.5
12-08-2012,10.9
13-08-2012,0
14-08-2012,0
15-08-2012,21.8
16-08-2012,0.8
17-08-2012,0
18-08-2012,23.1
19-08-2012,1
20-08-2012,14.2
21-08-2012,23.4
22-08-2012,0
23-08-2012,1.8
24-08-2012,1
25-08-2012,4.1
26-08-2012,0.5
27-08-2012,0
28-08-2012,0
29-08-2012,9.7
30-08-2012,1.5
31-08-2012,40.1
01-09-2012,2.3
02-09-2012,22.1
03-09-2012,0
04-09-2012,9.9
05-09-2012,15.5
06-09-2012,3
07-09-2012,0
08-09-2012,50
09-09-2012,0
10-09-2012,20.6
11-09-2012,20.1
12-09-2012,51.3
13-09-2012,134.6
14-09-2012,0
17-09-2012,44.5
18-09-2012,2.5
19-09-2012,0
20-09-2012,0
21-09-2012,0
23-09-2012,0
24-09-2012,0
25-09-2012,0.8
26-09-2012,0
27-09-2012,0
28-09-2012,0
29-09-2012,0
30-09-2012,0
01-10-2012,0
02-10-2012,0
03-10-2012,0
05-10-2012,0
06-10-2012,0
08-10-2012,0
09-10-2012,1.5
10-10-2012,11.7
11-10-2012,0
12-10-2012,0
14-10-2012,0
15-10-2012,0
16-10-2012,0
17-10-2012,0
19-10-2012,0
20-10-2012,0
21-10-2012,0
22-10-2012,0
23-10-2012,0
24-10-2012,0
25-10-2012,0
27-10-2012,0
28-10-2012,0
29-10-2012,0
30-10-2012,0
01-11-2012,0
20-11-2012,0
21-11-2012,0
22-11-2012,0
23-11-2012,0
25-11-2012,0
26-11-2012,0
27-11-2012,0
28-11-2012,0
29-11-2012,0
30-11-2012,0
01-12-2012,0
03-12-2012,0
04-12-2012,0
05-12-2012,0
07-12-2012,0
10-12-2012,0
14-12-2012,0
16-12-2012,0
17-12-2012,0
18-12-2012,0
19-12-2012,0
21-12-2012,0
22-12-2012,0
25-12-2012,0
26-12-2012,0
27-12-2012,0
28-12-2012,0
29-12-2012,0
30-12-2012,0
01-01-2015,0.8
02-01-2015,0
03-01-2015,0.5
04-01-2015,0.5
05-01-2015,0
06-01-2015,0
07-01-2015,0
08-01-2015,0
09-01-2015,0
10-01-2015,0
11-01-2015,0
12-01-2015,0
13-01-2015,0
14-01-2015,0
15-01-2015,0
16-01-2015,0
17-01-2015,0
18-01-2015,0
19-01-2015,0
20-01-2015,0
21-01-2015,0
22-01-2015,0
23-01-2015,0
25-01-2015,0
26-01-2015,0
27-01-2015,0
28-01-2015,0
29-01-2015,0
30-01-2015,0
31-01-2015,0
01-02-2015,0
02-02-2015,0
03-02-2015,0
04-02-2015,1
05-02-2015,0
06-02-2015,0
07-02-2015,0
08-02-2015,0
09-02-2015,0
10-02-2015,0
11-02-2015,0
12-02-2015,0
13-02-2015,0
14-02-2015,0
15-02-2015,0
16-02-2015,0
17-02-2015,0
18-02-2015,0
19-02-2015,10.9
20-02-2015,0
21-02-2015,0
22-02-2015,0
23-02-2015,0
24-02-2015,0
25-02-2015,0
26-02-2015,0
27-02-2015,1.8
28-02-2015,0
01-03-2015,9.7
02-03-2015,33.5
03-03-2015,9.9
04-03-2015,0
05-03-2015,0
06-03-2015,0
07-03-2015,0
08-03-2015,0
09-03-2015,0
10-03-2015,0
11-03-2015,0
12-03-2015,0
13-03-2015,0
14-03-2015,0
15-03-2015,0
16-03-2015,2.3
17-03-2015,0
18-03-2015,0
19-03-2015,0
20-03-2015,0
21-03-2015,0
22-03-2015,0
23-03-2015,4.3
24-03-2015,2.8
25-03-2015,1.5
26-03-2015,26.9
27-03-2015,1
28-03-2015,1
29-03-2015,0
30-03-2015,11.4
31-03-2015,0
01-04-2015,0
02-04-2015,0
03-04-2015,0
04-04-2015,3
05-04-2015,3.3
06-04-2015,0
07-04-2015,0
08-04-2015,0
09-04-2015,0
10-04-2015,0
11-04-2015,0
12-04-2015,0.3
13-04-2015,9.9
14-04-2015,0
15-04-2015,1
16-04-2015,0
17-04-2015,0
18-04-2015,10.2
19-04-2015,0
20-04-2015,0
21-04-2015,0
22-04-2015,3.3
23-04-2015,0
24-04-2015,0
25-04-2015,0
27-04-2015,4.3
28-04-2015,3
29-04-2015,0
30-04-2015,8.6
01-05-2015,0
02-05-2015,0
03-05-2015,0
04-05-2015,0
05-05-2015,0
06-05-2015,0
07-05-2015,0
08-05-2015,0
09-05-2015,0.5
10-05-2015,5.1
11-05-2015,11.4
12-05-2015,17
13-05-2015,0
14-05-2015,0
15-05-2015,0
16-05-2015,2
17-05-2015,0
18-05-2015,0
19-05-2015,0
20-05-2015,0.3
21-05-2015,0
22-05-2015,0
23-05-2015,1
24-05-2015,3.3
25-05-2015,0
26-05-2015,7.4
27-05-2015,3.3
28-05-2015,0
29-05-2015,0
30-05-2015,0
31-05-2015,0
01-06-2015,0
02-06-2015,0
03-06-2015,0
04-06-2015,2
05-06-2015,0
06-06-2015,0
07-06-2015,0
08-06-2015,0
09-06-2015,0
10-06-2015,6.1
11-06-2015,0.5
12-06-2015,5.6
13-06-2015,15.5
14-06-2015,1.5
15-06-2015,0
16-06-2015,3.3
17-06-2015,5.1
18-06-2015,0.5
19-06-2015,2.5
20-06-2015,48.5
21-06-2015,19.3
22-06-2015,0.3
23-06-2015,1.5
24-06-2015,2.3
25-06-2015,1.5
26-06-2015,18.8
27-06-2015,5.6
28-06-2015,1
29-06-2015,0
30-06-2015,0
01-07-2015,102.1
02-07-2015,2.3
03-07-2015,0
04-07-2015,8.4
05-07-2015,35.8
06-07-2015,0
07-07-2015,6.4
08-07-2015,12.7
09-07-2015,10.9
10-07-2015,11.2
11-07-2015,0.3
12-07-2015,0
13-07-2015,0
14-07-2015,0
15-07-2015,3.3
16-07-2015,36.3
17-07-2015,0.3
18-07-2015,22.1
19-07-2015,12.7
20-07-2015,32
21-07-2015,7.1
22-07-2015,14.2
23-07-2015,4.3
24-07-2015,5.1
25-07-2015,20.1
26-07-2015,4.6
27-07-2015,0
28-07-2015,3
29-07-2015,2
30-07-2015,30
31-07-2015,28.7
01-08-2015,7.6
02-08-2015,27.2
03-08-2015,0.3
04-08-2015,0
05-08-2015,3.3
06-08-2015,31.8
07-08-2015,49.8
08-08-2015,2.8
09-08-2015,0
10-08-2015,0
11-08-2015,27.2
12-08-2015,36.6
13-08-2015,1.8
14-08-2015,3
15-08-2015,2.5
16-08-2015,5.3
17-08-2015,62
18-08-2015,11.9
19-08-2015,10.4
20-08-2015,4.8
21-08-2015,52.1
22-08-2015,0.3
23-08-2015,23.1
24-08-2015,0
25-08-2015,0.3
26-08-2015,38.4
27-08-2015,19.3
28-08-2015,9.9
29-08-2015,0.8
30-08-2015,2.3
31-08-2015,17.5
01-09-2015,0
02-09-2015,7.9
03-09-2015,2
04-09-2015,0
05-09-2015,0
06-09-2015,0
07-09-2015,0
08-09-2015,9.1
09-09-2015,3
10-09-2015,12.4
11-09-2015,27.7
12-09-2015,34.5
13-09-2015,0
14-09-2015,27.9
16-09-2015,0
17-09-2015,0.5
18-09-2015,0
19-09-2015,0
20-09-2015,7.6
21-09-2015,12.4
22-09-2015,0
23-09-2015,0.3
24-09-2015,2.5
25-09-2015,0
26-09-2015,0
27-09-2015,0
28-09-2015,4.6
29-09-2015,0
30-09-2015,0
01-10-2015,0
02-10-2015,0
03-10-2015,0
04-10-2015,0
05-10-2015,0
06-10-2015,0
07-10-2015,0
08-10-2015,0
09-10-2015,0
10-10-2015,0
11-10-2015,46.5
12-10-2015,47
13-10-2015,0
14-10-2015,5.6
15-10-2015,1
16-10-2015,0.8
17-10-2015,0
18-10-2015,0
19-10-2015,0
20-10-2015,0
21-10-2015,0
22-10-2015,0
23-10-2015,0
24-10-2015,0
25-10-2015,0
26-10-2015,0
27-10-2015,0
28-10-2015,0
29-10-2015,13.7
30-10-2015,0
31-10-2015,0
01-11-2015,0
02-11-2015,0
03-11-2015,0
04-11-2015,0
05-11-2015,0
06-11-2015,0
07-11-2015,0
08-11-2015,0
09-11-2015,0
10-11-2015,0
11-11-2015,0
12-11-2015,0
13-11-2015,0
14-11-2015,0
15-11-2015,0
16-11-2015,0
17-11-2015,0
18-11-2015,0
19-11-2015,0
20-11-2015,0
21-11-2015,0
22-11-2015,0
23-11-2015,0
24-11-2015,0
25-11-2015,0
26-11-2015,0
27-11-2015,0
28-11-2015,0
29-11-2015,0
30-11-2015,0
01-12-2015,0
02-12-2015,0
03-12-2015,0
04-12-2015,0
05-12-2015,0
06-12-2015,0
07-12-2015,0
08-12-2015,0
09-12-2015,0
10-12-2015,0
11-12-2015,0
12-12-2015,0
13-12-2015,0
14-12-2015,0
15-12-2015,0
16-12-2015,0
17-12-2015,0
18-12-2015,0
19-12-2015,0
20-12-2015,0
21-12-2015,0
22-12-2015,0
23-12-2015,0
24-12-2015,0
25-12-2015,0
26-12-2015,0
27-12-2015,0
28-12-2015,0
29-12-2015,0
30-12-2015,0
31-12-2015,0
01-01-2016,0
02-01-2016,0
03-01-2016,0
04-01-2016,0
05-01-2016,0
06-01-2016,0
07-01-2016,0
08-01-2016,0
09-01-2016,0
10-01-2016,0
11-01-2016,0
12-01-2016,0
13-01-2016,0
14-01-2016,0
15-01-2016,0
16-01-2016,0
17-01-2016,0
18-01-2016,0
19-01-2016,0
20-01-2016,0.5
21-01-2016,0
22-01-2016,0
23-01-2016,0
24-01-2016,0
25-01-2016,0
26-01-2016,0
27-01-2016,0
28-01-2016,0
29-01-2016,0
30-01-2016,0
31-01-2016,0
01-02-2016,0
02-02-2016,0
03-02-2016,0
04-02-2016,0
05-02-2016,0
06-02-2016,0
07-02-2016,0
08-02-2016,3.6
09-02-2016,0.3
10-02-2016,0
11-02-2016,0
12-02-2016,0
13-02-2016,0
14-02-2016,0
15-02-2016,0
16-02-2016,0
17-02-2016,0
18-02-2016,0
19-02-2016,0
20-02-2016,0
21-02-2016,0
22-02-2016,0
23-02-2016,0
24-02-2016,0
25-02-2016,0
26-02-2016,0
27-02-2016,0
28-02-2016,0
29-02-2016,21.6
01-03-2016,0.5
02-03-2016,0
03-03-2016,0
04-03-2016,0
05-03-2016,0
06-03-2016,0
07-03-2016,0
08-03-2016,0
09-03-2016,0
10-03-2016,0
11-03-2016,0
12-03-2016,0
13-03-2016,0
14-03-2016,4.1
15-03-2016,1.5
16-03-2016,0
17-03-2016,0
18-03-2016,0
19-03-2016,0
20-03-2016,0
21-03-2016,0
22-03-2016,0
23-03-2016,0
24-03-2016,0
25-03-2016,0
26-03-2016,0
27-03-2016,0
28-03-2016,0
29-03-2016,0
30-03-2016,0
31-03-2016,3.8
01-04-2016,3.8
02-04-2016,0
05-04-2016,0
06-04-2016,0
07-04-2016,0
08-04-2016,0
09-04-2016,0
10-04-2016,0
11-04-2016,0
12-04-2016,0
13-04-2016,0
14-04-2016,0
15-04-2016,0
16-04-2016,0
17-04-2016,0
18-04-2016,0
19-04-2016,3.6
20-04-2016,0
21-04-2016,0
22-04-2016,0
23-04-2016,0
24-04-2016,0
25-04-2016,0
26-04-2016,0
27-04-2016,0
28-04-2016,0
29-04-2016,0
30-04-2016,0
01-05-2016,0
02-05-2016,0
03-05-2016,0
04-05-2016,4.3
05-05-2016,0
06-05-2016,0
07-05-2016,1.3
08-05-2016,0
09-05-2016,0
10-05-2016,5.8
11-05-2016,0.8
12-05-2016,0
13-05-2016,8.1
14-05-2016,2.3
15-05-2016,1.3
16-05-2016,0.3
17-05-2016,5.1
18-05-2016,3.8
19-05-2016,0
20-05-2016,9.9
21-05-2016,0.5
22-05-2016,0
23-05-2016,0
24-05-2016,0
25-05-2016,4.6
26-05-2016,3
27-05-2016,13.2
28-05-2016,1.5
29-05-2016,5.6
30-05-2016,0
31-05-2016,11.2
01-06-2016,0.3
02-06-2016,17.5
03-06-2016,0
04-06-2016,0
05-06-2016,17.5
06-06-2016,17.3
07-06-2016,0.5
08-06-2016,2.5
09-06-2016,9.7
10-06-2016,32.3
11-06-2016,0
12-06-2016,34.3
13-06-2016,3.3
14-06-2016,0
15-06-2016,18.5
16-06-2016,10.4
17-06-2016,3
18-06-2016,3.6
19-06-2016,13.5
20-06-2016,39.1
21-06-2016,39.6
22-06-2016,9.7
23-06-2016,0
24-06-2016,0
25-06-2016,0
26-06-2016,0.8
27-06-2016,1
28-06-2016,0
29-06-2016,69.1
30-06-2016,51.8
01-07-2016,53.1
02-07-2016,13.7
03-07-2016,2
04-07-2016,16.8
05-07-2016,3.8
06-07-2016,0
07-07-2016,6.1
08-07-2016,0.3
09-07-2016,0
10-07-2016,2.5
11-07-2016,9.4
12-07-2016,2
13-07-2016,1
14-07-2016,39.1
15-07-2016,14.2
16-07-2016,29
17-07-2016,10.9
18-07-2016,38.6
19-07-2016,24.4
20-07-2016,0.5
21-07-2016,14.5
22-07-2016,37.6
23-07-2016,0.5
24-07-2016,0.5
25-07-2016,28.4
26-07-2016,86.1
27-07-2016,0.3
28-07-2016,6.6
29-07-2016,10.9
30-07-2016,11.9
31-07-2016,2.8
01-08-2016,9.1
02-08-2016,1.8
03-08-2016,1
04-08-2016,7.6
05-08-2016,0
06-08-2016,13.2
07-08-2016,0.3
08-08-2016,2
09-08-2016,2.3
10-08-2016,0.3
11-08-2016,10.9
12-08-2016,0
13-08-2016,10.4
14-08-2016,0.8
15-08-2016,0.5
16-08-2016,19.6
17-08-2016,4.6
18-08-2016,0
19-08-2016,0.5
20-08-2016,5.1
21-08-2016,2.5
22-08-2016,8.9
23-08-2016,2.3
24-08-2016,0
25-08-2016,0
26-08-2016,15.5
27-08-2016,0
28-08-2016,0
29-08-2016,0.5
30-08-2016,0.5
31-08-2016,10.9
01-09-2016,0
02-09-2016,0
03-09-2016,62
04-09-2016,18.8
05-09-2016,0
06-09-2016,2
07-09-2016,6.1
08-09-2016,2.3
09-09-2016,0
10-09-2016,15.7
11-09-2016,31
12-09-2016,56.4
13-09-2016,0.3
14-09-2016,8.6
15-09-2016,23.9
16-09-2016,0
17-09-2016,1.8
18-09-2016,16.5
19-09-2016,0.3
20-09-2016,0
21-09-2016,23.9
22-09-2016,0
23-09-2016,0
24-09-2016,12.4
25-09-2016,1.5
26-09-2016,0
27-09-2016,0
28-09-2016,0.5
29-09-2016,0.3
30-09-2016,1.5
01-10-2016,21.6
02-10-2016,0
03-10-2016,0
04-10-2016,0
05-10-2016,1.8
06-10-2016,1.5
07-10-2016,0
08-10-2016,0
09-10-2016,0
10-10-2016,0.3
11-10-2016,0.3
12-10-2016,0
13-10-2016,0
14-10-2016,0.5
15-10-2016,0
16-10-2016,0
17-10-2016,0
18-10-2016,2.5
19-10-2016,25.9
20-10-2016,0
21-10-2016,0
22-10-2016,0
23-10-2016,0
24-10-2016,0
25-10-2016,0
26-10-2016,0
27-10-2016,0
28-10-2016,0
30-10-2016,0
31-10-2016,0
01-11-2016,0
02-11-2016,0
03-11-2016,0
04-11-2016,0
05-11-2016,0
06-11-2016,0
07-11-2016,0
08-11-2016,0
09-11-2016,0
10-11-2016,0
11-11-2016,0
12-11-2016,0
13-11-2016,0
14-11-2016,0
15-11-2016,0
16-11-2016,0
17-11-2016,0
18-11-2016,0
22-11-2016,0
23-11-2016,0
24-11-2016,0
25-11-2016,0
26-11-2016,0
27-11-2016,0
28-11-2016,0
29-11-2016,0
30-11-2016,0
01-12-2016,0
03-12-2016,0
04-12-2016,0
05-12-2016,0
06-12-2016,0
07-12-2016,0
08-12-2016,0
09-12-2016,0
10-12-2016,0
11-12-2016,0
12-12-2016,0
13-12-2016,0
14-12-2016,0
15-12-2016,0
16-12-2016,0
17-12-2016,0
18-12-2016,0
20-12-2016,0
21-12-2016,0
22-12-2016,0
23-12-2016,0
24-12-2016,0
25-12-2016,0
26-12-2016,0
28-12-2016,0
29-12-2016,0
30-12-2016,0
01-01-2017,0
02-01-2017,0
04-01-2017,0
05-01-2017,0
06-01-2017,0
07-01-2017,0
08-01-2017,0
09-01-2017,0
10-01-2017,0
11-01-2017,0
12-01-2017,0
13-01-2017,0
14-01-2017,0
15-01-2017,0
16-01-2017,0
17-01-2017,0
18-01-2017,0
19-01-2017,0
20-01-2017,0
21-01-2017,0
22-01-2017,0
23-01-2017,0
24-01-2017,0
25-01-2017,0
26-01-2017,0
27-01-2017,5.1
28-01-2017,6.6
29-01-2017,0
30-01-2017,0
31-01-2017,0
01-02-2017,0
02-02-2017,0
03-02-2017,0
04-02-2017,0
05-02-2017,0
06-02-2017,0
07-02-2017,0
08-02-2017,0
09-02-2017,0
10-02-2017,0
11-02-2017,0
12-02-2017,0
13-02-2017,0
14-02-2017,0
15-02-2017,0
16-02-2017,0
17-02-2017,0
18-02-2017,0
19-02-2017,0
20-02-2017,0
21-02-2017,0
22-02-2017,0
23-02-2017,0
24-02-2017,0
25-02-2017,0
26-02-2017,0
27-02-2017,0
28-02-2017,0
01-03-2017,0
02-03-2017,1.5
03-03-2017,1.5
04-03-2017,0
05-03-2017,0
06-03-2017,0
07-03-2017,0
08-03-2017,0
09-03-2017,0
10-03-2017,4.1
11-03-2017,32.3
12-03-2017,6.1
13-03-2017,0
14-03-2017,0
15-03-2017,0
16-03-2017,0
17-03-2017,0
18-03-2017,6.9
19-03-2017,0
20-03-2017,0.5
21-03-2017,0
22-03-2017,0
23-03-2017,0
24-03-2017,0
25-03-2017,15.5
26-03-2017,0
27-03-2017,0
28-03-2017,0
29-03-2017,4.3
30-03-2017,5.6
31-03-2017,0
01-04-2017,0
02-04-2017,6.4
03-04-2017,6.6
04-04-2017,0
05-04-2017,0
06-04-2017,0
07-04-2017,0
08-04-2017,5.1
09-04-2017,0
10-04-2017,0
11-04-2017,0
12-04-2017,0
13-04-2017,0
14-04-2017,0
15-04-2017,2.8
16-04-2017,0
17-04-2017,0
19-04-2017,0.8
20-04-2017,1.8
21-04-2017,10.9
22-04-2017,12.7
23-04-2017,12.2
24-04-2017,0.3
25-04-2017,0
26-04-2017,0
27-04-2017,0
28-04-2017,0
29-04-2017,8.1
30-04-2017,17
01-05-2017,14.5
02-05-2017,0
03-05-2017,0
04-05-2017,2.5
05-05-2017,10.7
06-05-2017,0
07-05-2017,1
08-05-2017,3.6
09-05-2017,1.3
10-05-2017,0.8
11-05-2017,3.6
12-05-2017,0.3
13-05-2017,0
14-05-2017,0
15-05-2017,40.9
16-05-2017,3.6
17-05-2017,0.5
18-05-2017,0
19-05-2017,0
20-05-2017,0
21-05-2017,0
22-05-2017,2.3
23-05-2017,0.5
24-05-2017,2.3
25-05-2017,0
26-05-2017,18.8
27-05-2017,7.6
28-05-2017,0
29-05-2017,0
30-05-2017,1.5
31-05-2017,0
01-06-2017,0
02-06-2017,0
03-06-2017,0
04-06-2017,0
05-06-2017,6.1
07-06-2017,0
08-06-2017,7.1
12-06-2017,0
13-06-2017,0
14-06-2017,0
15-06-2017,0
16-06-2017,0
17-06-2017,0.3
19-06-2017,0
20-06-2017,11.4
21-06-2017,6.6
22-06-2017,5.8
23-06-2017,0
24-06-2017,13
25-06-2017,30.2
26-06-2017,24.6
27-06-2017,0
28-06-2017,5.1
29-06-2017,5.1
30-06-2017,2
01-07-2017,1.5
02-07-2017,1
03-07-2017,4.1
04-07-2017,25.1
05-07-2017,5.3
06-07-2017,2
07-07-2017,0
08-07-2017,0.5
09-07-2017,16.8
10-07-2017,17
11-07-2017,2.3
12-07-2017,0
13-07-2017,0
14-07-2017,2
15-07-2017,14
16-07-2017,17.3
17-07-2017,5.6
18-07-2017,2.3
19-07-2017,5.1
20-07-2017,11.4
21-07-2017,2.8
22-07-2017,2
23-07-2017,9.7
24-07-2017,25.9
25-07-2017,7.4
26-07-2017,4.8
27-07-2017,0
28-07-2017,0
29-07-2017,49.8
30-07-2017,24.4
31-07-2017,0.8
01-08-2017,1.5
02-08-2017,19.1
03-08-2017,30.5
04-08-2017,0
05-08-2017,7.1
06-08-2017,10.4
07-08-2017,6.6
08-08-2017,0
11-08-2017,18.8
12-08-2017,10.9
13-08-2017,26.7
14-08-2017,2.8
15-08-2017,0.5
16-08-2017,0.5
17-08-2017,0
18-08-2017,0
19-08-2017,8.4
20-08-2017,13.5
21-08-2017,0.8
22-08-2017,14
23-08-2017,41.9
24-08-2017,2.3
25-08-2017,1
26-08-2017,35.3
27-08-2017,5.3
28-08-2017,1.3
29-08-2017,0
30-08-2017,0
31-08-2017,55.1
01-09-2017,24.6
02-09-2017,7.6
03-09-2017,10.9
04-09-2017,0
05-09-2017,0
06-09-2017,0
07-09-2017,7.9
08-09-2017,0
09-09-2017,0
10-09-2017,0
11-09-2017,0
12-09-2017,9.1
13-09-2017,0
14-09-2017,0
15-09-2017,0
16-09-2017,0
17-09-2017,0
18-09-2017,11.2
19-09-2017,2
20-09-2017,1.5
21-09-2017,6.6
22-09-2017,0
23-09-2017,0
24-09-2017,0
25-09-2017,0
26-09-2017,0
27-09-2017,0
28-09-2017,0
29-09-2017,16.5
30-09-2017,0.5
01-10-2017,0.5
02-10-2017,7.1
03-10-2017,13
04-10-2017,0
05-10-2017,0
06-10-2017,12.4
07-10-2017,0
08-10-2017,0
09-10-2017,0
10-10-2017,0
11-10-2017,0
12-10-2017,0
13-10-2017,0
14-10-2017,0
15-10-2017,0
16-10-2017,0
17-10-2017,0
18-10-2017,0
19-10-2017,0
20-10-2017,0
21-10-2017,0
22-10-2017,0
23-10-2017,0
24-10-2017,0
25-10-2017,0
26-10-2017,0
27-10-2017,0
28-10-2017,0
29-10-2017,26.4
30-10-2017,4.1
31-10-2017,0
01-11-2017,1
02-11-2017,0
05-11-2017,0
06-11-2017,0
07-11-2017,0
08-11-2017,0
09-11-2017,0
10-11-2017,0
11-11-2017,0
12-11-2017,0
13-11-2017,0
14-11-2017,0
15-11-2017,0
16-11-2017,0
17-11-2017,0
18-11-2017,0
19-11-2017,0
20-11-2017,0
21-11-2017,0
22-11-2017,0
23-11-2017,0
24-11-2017,0
25-11-2017,0
26-11-2017,0
27-11-2017,0
28-11-2017,0
29-11-2017,0
30-11-2017,0
01-12-2017,0
02-12-2017,0
03-12-2017,0
04-12-2017,0
05-12-2017,0
06-12-2017,0
07-12-2017,0
08-12-2017,0
09-12-2017,0
10-12-2017,0
11-12-2017,0
12-12-2017,0
13-12-2017,0
14-12-2017,0
15-12-2017,0
16-12-2017,0
17-12-2017,0
18-12-2017,0
19-12-2017,0
20-12-2017,0
21-12-2017,0
22-12-2017,0
23-12-2017,0
24-12-2017,0
25-12-2017,0
26-12-2017,0
27-12-2017,0
28-12-2017,0
29-12-2017,0
30-12-2017,0
31-12-2017,0
01-01-2018,0
02-01-2018,0
03-01-2018,0
04-01-2018,0
05-01-2018,0
06-01-2018,0
07-01-2018,0
08-01-2018,0
09-01-2018,0
10-01-2018,0
11-01-2018,0
12-01-2018,0
13-01-2018,0
14-01-2018,0
15-01-2018,0
16-01-2018,0
17-01-2018,0
18-01-2018,0
19-01-2018,0
20-01-2018,0
21-01-2018,0
22-01-2018,0
23-01-2018,0
24-01-2018,6.1
25-01-2018,0
26-01-2018,0
27-01-2018,0
28-01-2018,0
29-01-2018,0
30-01-2018,0
31-01-2018,0
01-02-2018,0
02-02-2018,0
03-02-2018,0
04-02-2018,0
05-02-2018,0
06-02-2018,0
07-02-2018,0
08-02-2018,0
10-02-2018,0
11-02-2018,0
12-02-2018,0
13-02-2018,1.5
14-02-2018,0
15-02-2018,0
16-02-2018,0
17-02-2018,0
18-02-2018,0
19-02-2018,0
20-02-2018,0
21-02-2018,0
22-02-2018,0
23-02-2018,0
24-02-2018,0
25-02-2018,0
26-02-2018,0
27-02-2018,0
28-02-2018,0
01-03-2018,0
02-03-2018,0
03-03-2018,2.5
04-03-2018,0
05-03-2018,0
06-03-2018,0
07-03-2018,0
08-03-2018,0
09-03-2018,0
10-03-2018,0
11-03-2018,14.2
12-03-2018,0.3
13-03-2018,0
14-03-2018,0
15-03-2018,0
16-03-2018,5.1
17-03-2018,0
18-03-2018,0
19-03-2018,0
20-03-2018,0
21-03-2018,0
22-03-2018,0
23-03-2018,0
24-03-2018,0
25-03-2018,0
26-03-2018,0.5
27-03-2018,0
28-03-2018,0
29-03-2018,3
30-03-2018,1.8
31-03-2018,0
01-04-2018,0
02-04-2018,0.5
03-04-2018,51.1
04-04-2018,0
07-04-2018,6.1
08-04-2018,0
09-04-2018,2.8
10-04-2018,0
11-04-2018,0
12-04-2018,0.3
13-04-2018,0
14-04-2018,0
15-04-2018,0
16-04-2018,0
17-04-2018,9.4
18-04-2018,3.3
19-04-2018,0
20-04-2018,1.5
21-04-2018,0
22-04-2018,0
23-04-2018,0
24-04-2018,0
25-04-2018,0
26-04-2018,0.5
27-04-2018,8.9
28-04-2018,26.9
29-04-2018,5.1
30-04-2018,0.3
01-05-2018,8.4
02-05-2018,4.6
03-05-2018,2.8
04-05-2018,0
05-05-2018,0.5
06-05-2018,0
07-05-2018,0
08-05-2018,0.5
09-05-2018,2
10-05-2018,0
11-05-2018,0
12-05-2018,0
13-05-2018,4.8
14-05-2018,17
15-05-2018,0
16-05-2018,0
17-05-2018,10.4
18-05-2018,0
19-05-2018,10.7
20-05-2018,0
21-05-2018,7.1
22-05-2018,0.8
23-05-2018,0
24-05-2018,16.5
25-05-2018,0
26-05-2018,0.5
27-05-2018,0
28-05-2018,1.5
29-05-2018,3
30-05-2018,65.8
31-05-2018,4.1
01-06-2018,3
02-06-2018,0.5
03-06-2018,1
04-06-2018,37.6
05-06-2018,5.1
06-06-2018,0
07-06-2018,69.9
08-06-2018,17.5
09-06-2018,0
10-06-2018,1.8
11-06-2018,0
12-06-2018,14.5
13-06-2018,0
14-06-2018,0
15-06-2018,7.9
16-06-2018,4.8
17-06-2018,11.4
18-06-2018,15
19-06-2018,0
20-06-2018,0
21-06-2018,2
22-06-2018,4.3
23-06-2018,1.8
24-06-2018,2.8
25-06-2018,5.6
26-06-2018,23.1
27-06-2018,2.5
28-06-2018,0
29-06-2018,0
30-06-2018,3.8
01-07-2018,4.8
02-07-2018,41.9
03-07-2018,33
04-07-2018,1.8
05-07-2018,0.3
06-07-2018,0
07-07-2018,0
09-07-2018,18.8
10-07-2018,0
25-07-2018,0
01-08-2018,1
02-08-2018,15
03-08-2018,5.1
04-08-2018,7.9
05-08-2018,27.2
06-08-2018,50.3
07-08-2018,0
09-08-2018,10.4
10-08-2018,8.9
11-08-2018,0
12-08-2018,0
13-08-2018,52.8
14-08-2018,0.5
15-08-2018,40.6
16-08-2018,0
17-08-2018,1
18-08-2018,0
24-08-2018,16
25-08-2018,0
12-09-2018,0.5
13-09-2018,3
14-09-2018,0
07-11-2018,0
08-11-2018,0
09-11-2018,0
10-11-2018,0
11-11-2018,0
12-11-2018,0
13-11-2018,0
14-11-2018,0
15-11-2018,0
16-11-2018,0
17-11-2018,0
18-11-2018,0
19-11-2018,0
20-11-2018,0
21-11-2018,0
22-11-2018,0
23-11-2018,0
24-11-2018,0
25-11-2018,0
26-11-2018,0
27-11-2018,0
28-11-2018,0
29-11-2018,0
30-11-2018,0
01-12-2018,0
02-12-2018,0
03-12-2018,0
04-12-2018,0
05-12-2018,0
06-12-2018,0
07-12-2018,0
08-12-2018,0
09-12-2018,0
10-12-2018,0
11-12-2018,0
12-12-2018,0
13-12-2018,0
14-12-2018,0
15-12-2018,0
16-12-2018,0
17-12-2018,0
18-12-2018,0
19-12-2018,0
20-12-2018,0
21-12-2018,0
22-12-2018,0
23-12-2018,0
24-12-2018,0
25-12-2018,0
26-12-2018,0
27-12-2018,0
28-12-2018,0
29-12-2018,0
30-12-2018,0
31-12-2018,0
01-01-2019,0
02-01-2019,0
03-01-2019,0
04-01-2019,0
05-01-2019,0
06-01-2019,0
07-01-2019,0.5
09-01-2019,0
10-01-2019,0
11-01-2019,0
12-01-2019,0
13-01-2019,0
14-01-2019,0
15-01-2019,0
16-01-2019,0
17-01-2019,0
18-01-2019,0
19-01-2019,0
20-01-2019,0
21-01-2019,0
22-01-2019,0
24-01-2019,0
25-01-2019,0
26-01-2019,3.8
27-01-2019,0
28-01-2019,0
29-01-2019,0
30-01-2019,0
31-01-2019,0
01-02-2019,0
02-02-2019,0
03-02-2019,0
04-02-2019,0
05-02-2019,0
06-02-2019,0
07-02-2019,10.7
08-02-2019,11.2
09-02-2019,28.2
10-02-2019,0
11-02-2019,0
12-02-2019,0
13-02-2019,0
14-02-2019,0
15-02-2019,0
16-02-2019,5.1
17-02-2019,1
18-02-2019,0
19-02-2019,1.3
20-02-2019,0
21-02-2019,0
22-02-2019,0
23-02-2019,0
24-02-2019,0
25-02-2019,0
26-02-2019,0
27-02-2019,2.3
28-02-2019,26.9
01-03-2019,0
02-03-2019,0
03-03-2019,0
04-03-2019,0
05-03-2019,0
06-03-2019,0
07-03-2019,0
08-03-2019,0
09-03-2019,0
10-03-2019,0
11-03-2019,0
12-03-2019,0
14-03-2019,0
15-03-2019,0
16-03-2019,0
17-03-2019,0
18-03-2019,3.3
19-03-2019,0.5
20-03-2019,11.2
21-03-2019,0.5
22-03-2019,0
23-03-2019,0
24-03-2019,0
25-03-2019,0
26-03-2019,14
27-03-2019,7.9
28-03-2019,0
29-03-2019,0
30-03-2019,0
31-03-2019,9.7
01-04-2019,3.6
02-04-2019,0
03-04-2019,0
04-04-2019,0.3
05-04-2019,3
06-04-2019,12.4
07-04-2019,4.3
08-04-2019,2
09-04-2019,6.6
10-04-2019,0
11-04-2019,0
12-04-2019,0
13-04-2019,1
14-04-2019,3
15-04-2019,4.1
16-04-2019,8.9
17-04-2019,6.6
18-04-2019,0
19-04-2019,25.9
20-04-2019,31
21-04-2019,0
22-04-2019,6.1
23-04-2019,0
24-04-2019,3.3
25-04-2019,1.3
26-04-2019,8.6
27-04-2019,0.3
28-04-2019,0
29-04-2019,0
30-04-2019,0
01-05-2019,0
02-05-2019,2.5
03-05-2019,6.1
04-05-2019,0
05-05-2019,0
06-05-2019,0
07-05-2019,0
08-05-2019,0
09-05-2019,0
10-05-2019,0
11-05-2019,0
12-05-2019,0.3
13-05-2019,7.9
14-05-2019,0
15-05-2019,1
16-05-2019,5.8
17-05-2019,0.8
18-05-2019,0
19-05-2019,1
20-05-2019,0
21-05-2019,0
22-05-2019,0
23-05-2019,3.6
24-05-2019,0
25-05-2019,2
26-05-2019,1
27-05-2019,0
28-05-2019,0
29-05-2019,13
30-05-2019,10.9
31-05-2019,6.1
01-06-2019,8.4
02-06-2019,15.5
03-06-2019,0
04-06-2019,0
05-06-2019,0.3
06-06-2019,4.6
07-06-2019,17
08-06-2019,0
09-06-2019,0
10-06-2019,4.3
11-06-2019,0
12-06-2019,0
13-06-2019,0
14-06-2019,0
15-06-2019,9.7
16-06-2019,0
17-06-2019,0
18-06-2019,14.5
19-06-2019,1.3
20-06-2019,0
21-06-2019,0
22-06-2019,20.3
23-06-2019,13.5
24-06-2019,0.8
25-06-2019,0
26-06-2019,0
27-06-2019,4.6
28-06-2019,5.1
29-06-2019,6.1
30-06-2019,0
01-07-2019,27.7
02-07-2019,1.5
03-07-2019,0
04-07-2019,0
05-07-2019,0.3
06-07-2019,10.9
07-07-2019,65.8
08-07-2019,2.3
09-07-2019,3.3
10-07-2019,22.9
11-07-2019,5.6
12-07-2019,115.3
13-07-2019,39.9
14-07-2019,2.5
15-07-2019,27.4
16-07-2019,6.1
17-07-2019,0
18-07-2019,52.6
19-07-2019,41.1
20-07-2019,33
21-07-2019,0
22-07-2019,0.5
23-07-2019,17.5
24-07-2019,12.7
25-07-2019,0.8
26-07-2019,10.4
27-07-2019,3.8
28-07-2019,8.1
29-07-2019,0
30-07-2019,0
31-07-2019,0
01-08-2019,0
02-08-2019,0
03-08-2019,3.8
04-08-2019,0
05-08-2019,20.8
06-08-2019,1
07-08-2019,23.9
08-08-2019,2.8
09-08-2019,0.5
10-08-2019,0
11-08-2019,20.1
12-08-2019,0.5
13-08-2019,16.3
14-08-2019,0.8
15-08-2019,0
16-08-2019,27.4
17-08-2019,14.2
18-08-2019,7.9
19-08-2019,1.5
20-08-2019,3.3
21-08-2019,1.3
22-08-2019,6.1
23-08-2019,0
24-08-2019,24.6
25-08-2019,8.9
26-08-2019,4.3
27-08-2019,4.3
28-08-2019,0
29-08-2019,0
30-08-2019,0
31-08-2019,36.8
01-09-2019,18
02-09-2019,12.2
03-09-2019,0
04-09-2019,23.4
05-09-2019,43.9
06-09-2019,21.8
07-09-2019,8.4
08-09-2019,3.6
09-09-2019,7.4
10-09-2019,32
11-09-2019,12.2
12-09-2019,1.5
13-09-2019,4.6
14-09-2019,5.1
15-09-2019,1
16-09-2019,3.8
17-09-2019,25.4
18-09-2019,17.5
19-09-2019,2
20-09-2019,0
21-09-2019,0
22-09-2019,1
23-09-2019,0
24-09-2019,6.9
25-09-2019,47.5
26-09-2019,8.9
27-09-2019,3.8
28-09-2019,0.8
29-09-2019,0.8
30-09-2019,0.5
01-10-2019,3
02-10-2019,0
03-10-2019,0
04-10-2019,0
05-10-2019,0
06-10-2019,0
07-10-2019,0
08-10-2019,0
09-10-2019,1.3
10-10-2019,0
11-10-2019,0
12-10-2019,0
13-10-2019,0
14-10-2019,0
15-10-2019,0
16-10-2019,0
17-10-2019,1.5
18-10-2019,0
19-10-2019,0
20-10-2019,0
21-10-2019,0
22-10-2019,0
23-10-2019,0
24-10-2019,0
25-10-2019,0
26-10-2019,0
27-10-2019,0
28-10-2019,0
29-10-2019,0
30-10-2019,0
31-10-2019,0
04-11-2019,0
06-11-2019,0
07-11-2019,0
08-11-2019,0
09-11-2019,0
11-11-2019,0
12-11-2019,0
13-11-2019,0
14-11-2019,0
15-11-2019,0
16-11-2019,0
17-11-2019,0
19-11-2019,0
21-11-2019,0
22-11-2019,0
23-11-2019,0
24-11-2019,0
10-12-2019,0
11-12-2019,0
12-12-2019,0
13-12-2019,4.1
14-12-2019,33.3
15-12-2019,0
16-12-2019,0
17-12-2019,0
18-12-2019,0
19-12-2019,0
20-12-2019,0
21-12-2019,0
22-12-2019,0
23-12-2019,0
24-12-2019,0
25-12-2019,0
26-12-2019,0
28-12-2019,0
29-12-2019,0
30-12-2019,0
31-12-2019,0
01-01-2020,0
02-01-2020,0
05-01-2020,0
06-01-2020,0
07-01-2020,0
08-01-2020,2.3
09-01-2020,1.5
10-01-2020,0
11-01-2020,0
12-01-2020,0
13-01-2020,0
14-01-2020,0
15-01-2020,0
16-01-2020,0
17-01-2020,48
18-01-2020,32
19-01-2020,0
20-01-2020,0
21-01-2020,0
22-01-2020,0
23-01-2020,0
24-01-2020,0
25-01-2020,0
26-01-2020,0
27-01-2020,0
29-01-2020,0
30-01-2020,0
31-01-2020,0
01-02-2020,0
02-02-2020,0
03-02-2020,0
04-02-2020,0
05-02-2020,0
06-02-2020,0
07-02-2020,0
08-02-2020,0
09-02-2020,0
10-02-2020,0
11-02-2020,0
12-02-2020,0
13-02-2020,0
14-02-2020,0
15-02-2020,0
16-02-2020,0
17-02-2020,0
18-02-2020,0
19-02-2020,0
20-02-2020,0
21-02-2020,0
22-02-2020,6.4
23-02-2020,0
24-02-2020,0
25-02-2020,0
26-02-2020,7.4
27-02-2020,2
28-02-2020,0
29-02-2020,0
01-03-2020,0
02-03-2020,0
03-03-2020,0
04-03-2020,0
05-03-2020,0
06-03-2020,0.5
07-03-2020,8.1
08-03-2020,0
09-03-2020,0
10-03-2020,0
11-03-2020,0
12-03-2020,0
13-03-2020,0
14-03-2020,0
15-03-2020,0
16-03-2020,0
17-03-2020,0
18-03-2020,0
23-03-2020,13.5
24-03-2020,8.9
25-03-2020,0
26-03-2020,0
27-03-2020,0
28-03-2020,3.3
29-03-2020,0
30-03-2020,0
31-03-2020,25.4
01-04-2020,0.8
02-04-2020,0.8
03-04-2020,0
04-04-2020,0
05-04-2020,0
06-04-2020,0
07-04-2020,0
08-04-2020,0
09-04-2020,0
10-04-2020,0
11-04-2020,1
12-04-2020,0.3
13-04-2020,0
14-04-2020,2
15-04-2020,1.3
16-04-2020,0
17-04-2020,2
18-04-2020,3.8
19-04-2020,0
20-04-2020,1.5
21-04-2020,17
22-04-2020,9.4
23-04-2020,4.1
24-04-2020,1
25-04-2020,27.7
26-04-2020,24.9
27-04-2020,4.6
28-04-2020,0
29-04-2020,3.8
30-04-2020,0.3
01-05-2020,4.3
02-05-2020,0.3
03-05-2020,0
04-05-2020,8.1
05-05-2020,0
06-05-2020,5.1
07-05-2020,9.7
08-05-2020,0
09-05-2020,0
10-05-2020,0.3
11-05-2020,0.3
12-05-2020,0
13-05-2020,0
14-05-2020,0
15-05-2020,0.3
16-05-2020,0
17-05-2020,0
18-05-2020,0
19-05-2020,0.3
20-05-2020,0
21-05-2020,0
22-05-2020,0
23-05-2020,0
24-05-2020,0
25-05-2020,1
26-05-2020,28.7
27-05-2020,19.8
28-05-2020,0
09-10-2020,0
10-10-2020,0
11-10-2020,0
12-10-2020,0
13-10-2020,0
14-10-2020,0
15-10-2020,0
16-10-2020,0
17-10-2020,0
18-10-2020,0
19-10-2020,0
20-10-2020,0
22-10-2020,0
25-10-2020,0
26-10-2020,0
27-10-2020,0
28-10-2020,0
29-10-2020,0
30-10-2020,0
31-10-2020,0
01-11-2020,0
02-11-2020,0
04-11-2020,0.3
05-11-2020,0
06-11-2020,0
07-11-2020,0
09-11-2020,0
10-11-2020,0
12-11-2020,0
13-11-2020,0
14-11-2020,0
15-11-2020,0
16-11-2020,0
17-11-2020,0
18-11-2020,0
19-11-2020,0
20-11-2020,0
21-11-2020,0
22-11-2020,0
23-11-2020,0
25-11-2020,0
26-11-2020,0
27-11-2020,0
28-11-2020,0
29-11-2020,0
30-11-2020,0
01-12-2020,0
02-12-2020,0
03-12-2020,0
04-12-2020,0
05-12-2020,0
06-12-2020,0
07-12-2020,0
08-12-2020,0
09-12-2020,0
10-12-2020,0
11-12-2020,0
12-12-2020,0
13-12-2020,0
14-12-2020,0
15-12-2020,0
17-12-2020,0
18-12-2020,0
20-12-2020,0
21-12-2020,0
22-12-2020,0
23-12-2020,0
24-12-2020,0
25-12-2020,0
26-12-2020,0
27-12-2020,0
28-12-2020,0
29-12-2020,0
30-12-2020,0
31-12-2020,0
01-01-2021,0
02-01-2021,0
03-01-2021,0
04-01-2021,0
05-01-2021,0
06-01-2021,0
07-01-2021,0
08-01-2021,0
09-01-2021,0
10-01-2021,0
11-01-2021,0
12-01-2021,0
13-01-2021,0
14-01-2021,0
15-01-2021,0
16-01-2021,0
17-01-2021,0
18-01-2021,0
19-01-2021,0
20-01-2021,0
21-01-2021,0
22-01-2021,0
23-01-2021,0
24-01-2021,0
25-01-2021,0
26-01-2021,0
27-01-2021,0
28-01-2021,0
29-01-2021,0
30-01-2021,0
31-01-2021,0
01-02-2021,0
02-02-2021,0
03-02-2021,0
04-02-2021,0
05-02-2021,0
06-02-2021,1.3
07-02-2021,0
08-02-2021,0
09-02-2021,0
10-02-2021,0
13-02-2021,0
15-02-2021,0
16-02-2021,0
17-02-2021,0
18-02-2021,0
19-02-2021,0
23-02-2021,0
26-02-2021,0
27-02-2021,0
01-03-2021,0
02-03-2021,0
03-03-2021,0
04-03-2021,0
05-03-2021,0
06-03-2021,6.1
07-03-2021,0
08-03-2021,0
09-03-2021,0
10-03-2021,0
11-03-2021,0.5
12-03-2021,0
13-03-2021,0
14-03-2021,0
15-03-2021,0
16-03-2021,0
18-03-2021,0
19-03-2021,0
20-03-2021,0
21-03-2021,0
22-03-2021,0
23-03-2021,0
24-03-2021,0
25-03-2021,0
26-03-2021,0
27-03-2021,0
28-03-2021,0
29-03-2021,0
30-03-2021,0
31-03-2021,0
01-04-2021,9.9
02-04-2021,0
03-04-2021,0
04-04-2021,0
05-04-2021,0
06-04-2021,0
07-04-2021,0
08-04-2021,0
09-04-2021,0
10-04-2021,1
11-04-2021,0
12-04-2021,0
13-04-2021,0
14-04-2021,0
15-04-2021,0
16-04-2021,11.9
17-04-2021,1.3
18-04-2021,0.3
19-04-2021,7.4
20-04-2021,0
21-04-2021,0
22-04-2021,6.6
23-04-2021,0
24-04-2021,0
25-04-2021,0
